-- ----------------------------------
-- REMEMBER TO CHANGE NULL TO NULL --
-- ----------------------------------

-- Attendees INSERT STATEMENT
INSERT INTO Attendees(email, password, address, lastName, firstName, phone, attendeeType, affiliateOrganization)
VALUES
	('jane.johnson@email.com', 'rF6wfNYT', '739 Maple St', 'Johnson', 'Jane', 63270917, 'Guest', 'Others'),
	('grace.doe@example.com', 'jM4WVuav', '436 Cedar St', 'Doe', 'Grace', 23462679, 'Student', 'SPEED'),
	('tom.doe@example.com', 'zVIsHIvK', '794 Cedar St', 'Doe', 'Tom', 21840046, 'Student', 'SPEED'),
	('emily.smith@example.com', 'icLhWE1Y', '621 Maple St', 'Smith', 'Emily', 22320480, 'Staff', 'PolyU'),
	('jane.brown@example.com', '4seQrV3C', '714 Cedar St', 'Brown', 'Jane', 88874772, 'Staff', 'SPEED'),
	('cpzyf.lhlxx@example.com', 'B6K6n8R7', '221 Oak St', 'Taylor', 'Emily', 12597115, 'Alumni', 'HKCC'),
	('jhbay.czffa@example.com', 'pUwwA0oV', '157 Maple St', 'Patel', 'Amit', 54951774, 'Student', 'PolyU'),
	('sophia.clark@example.com', 'OVfwIARV', '556 Cedar St', 'Clark', 'Sophia', 28681246, 'Student', 'HKCC'),
	('utezo.qqgfu@example.com', 'Wvz77hrv', '372 Willow St', 'Doe', 'Anna', 89706009, 'Student', 'PolyU'),
	('anna.patel@email.com', 'h3VlBAmY', '195 Cedar St', 'Patel', 'Anna', 47928551, 'Guest', 'Others'),
	('tyssh.ofxew@example.com', 'oz4uGfne', '212 Oak St', 'Anderson', 'Li', 59415323, 'Alumni', 'HKCC'),
	('amit.chen@email.com', 'fdX6yzDX', '244 Birch St', 'Chen', 'Amit', 17568820, 'Guest', 'Others'),
	('risxg.wfyfd@example.com', 'fpUb3Gbw', '656 Oak St', 'Brown', 'Grace', 35076624, 'Staff', 'PolyU'),
	('john.johnson@testmail.com', 'jUBmCiDj', '680 Willow St', 'Johnson', 'John', 53920173, 'Alumni', 'PolyU'),
	('rzlxp.iwnao@example.com', 'z3IJQgmT', '8 Maple St', 'Taylor', 'Tom', 58084990, 'Student', 'SPEED'),
	('uxpzg.mkpmc@example.com', '1Knjgsr3', '446 Maple St', 'Clark', 'Chris', 49313763, 'Student', 'PolyU'),
	('li.johnson@email.com', 'bUpin1wW', '968 Cedar St', 'Johnson', 'Li', 95124573, 'Staff', 'SPEED'),
	('li.chen@example.com', 'vkIf0056', '686 Cedar St', 'Chen', 'Li', 70493721, 'Staff', 'HKCC'),
	('anna.anderson@testmail.com', '7abJCfeZ', '888 Spruce St', 'Anderson', 'Anna', 96869830, 'Student', 'HKCC'),
	('john.brown@example.com', 'Cr4NUd7U', '592 Pine St', 'Brown', 'John', 47752702, 'Alumni', 'HKCC'),
	('emily.smith@email.com', 'HdasGGTx', '890 Cedar St', 'Smith', 'Emily', 28353418, 'Alumni', 'SPEED'),
	('li.anderson@email.com', 'VVqinXeP', '725 Pine St', 'Anderson', 'Li', 54929594, 'Staff', 'PolyU'),
	('cxwkf.rodhu@example.com', 'ob4jt4h6', '817 Spruce St', 'Doe', 'Anna', 17791660, 'Alumni', 'HKCC'),
	('natalie.smith@testmail.com', '1g97uzMH', '593 Pine St', 'Smith', 'Natalie', 91785404, 'Staff', 'PolyU'),
	('zeglk.owcgl@example.com', 'jZksd8v1', '649 Pine St', 'Taylor', 'Li', 45202094, 'Student', 'PolyU'),
	('srriu.wzhbr@example.com', 'DANYkLM4', '984 Cedar St', 'Johnson', 'Anna', 23872227, 'Staff', 'HKCC'),
	('mark.brown@example.com', 'hde4pL0e', '139 Willow St', 'Brown', 'Mark', 25789901, 'Guest', 'Others'),
	('clowo.zenhk@example.com', 'de8zGHLo', '288 Oak St', 'Smith', 'Chris', 89583470, 'Alumni', 'PolyU'),
	('natalie.johnson@testmail.com', '987ikEiq', '873 Cedar St', 'Johnson', 'Natalie', 86769964, 'Alumni', 'HKCC'),
	('sophia.doe@email.com', '3dIZRCtz', '986 Pine St', 'Doe', 'Sophia', 89527381, 'Guest', 'Others'),
	('john.doe@testmail.com', '3qol2SKq', '650 Willow St', 'Doe', 'John', 93090119, 'Staff', 'HKCC'),
	('tzewd.mabrc@example.com', 'Xz6RkTDx', '414 Cedar St', 'Brown', 'Jane', 62761171, 'Staff', 'SPEED'),
	('neerd.adsfr@example.com', 'QwwR4Ywm', '16 Spruce St', 'Lee', 'Grace', 45710394, 'Staff', 'PolyU'),
	('jaqwt.uyzak@example.com', 'KHjwXrAb', '935 Maple St', 'Anderson', 'Grace', 88647746, 'Staff', 'PolyU'),
	('amit.brown@email.com', '7qLlm7s9', '602 Oak St', 'Brown', 'Amit', 47327883, 'Alumni', 'HKCC'),
	('natalie.taylor@testmail.com', 'EO8eoFOB', '995 Maple St', 'Taylor', 'Natalie', 16561552, 'Alumni', 'PolyU'),
	('john.lee@email.com', 'DFFVXhSD', '711 Maple St', 'Lee', 'John', 17472437, 'Guest', 'Others'),
	('emily.johnson@email.com', 'QUrLyzrn', '156 Oak St', 'Johnson', 'Emily', 26852142, 'Staff', 'PolyU'),
	('nmqav.vooku@example.com', 'SFTQggy9', '740 Birch St', 'Chen', 'Chris', 10315316, 'Guest', 'Others'),
	('jane.williams@testmail.com', 'pDopyqip', '906 Oak St', 'Williams', 'Jane', 73922185, 'Staff', 'SPEED'),
	('natalie.chen@email.com', 'CxRPyhnN', '55 Oak St', 'Chen', 'Natalie', 92170967, 'Alumni', 'SPEED'),
	('lqmpz.akajk@example.com', 'E4MfzmdZ', '565 Cedar St', 'Anderson', 'Grace', 57096112, 'Alumni', 'SPEED'),
	('cicaj.lzfgk@example.com', 'DT9RaDpp', '306 Maple St', 'Smith', 'Chris', 40990837, 'Staff', 'PolyU'),
	('zmmrk.iskdu@example.com', 'iiVBLKiU', '853 Pine St', 'Patel', 'Amit', 81309264, 'Staff', 'PolyU'),
	('john.johnson@email.com', 'oLj1gRKQ', '764 Spruce St', 'Johnson', 'John', 64018563, 'Guest', 'Others'),
	('mark.doe@testmail.com', '6YcHL5e7', '842 Willow St', 'Doe', 'Mark', 39315178, 'Student', 'HKCC'),
	('chris.anderson@testmail.com', 'oUCVdaQK', '488 Cedar St', 'Anderson', 'Chris', 44597434, 'Student', 'PolyU'),
	('itzrk.ddadv@example.com', 'ucr1xjO1', '842 Spruce St', 'Anderson', 'Li', 54711973, 'Alumni', 'SPEED'),
	('mark.lee@testmail.com', '1zWYpou9', '132 Cedar St', 'Lee', 'Mark', 27363697, 'Alumni', 'PolyU'),
	('tdfyg.aunnb@example.com', 'OquHjAEq', '518 Oak St', 'Brown', 'Grace', 25133724, 'Staff', 'SPEED'),
	('ojgtd.ukopb@example.com', 'sQUcaRoK', '720 Willow St', 'Clark', 'Grace', 75421467, 'Guest', 'Others'),
	('kqbmt.widbo@example.com', '43YQijEd', '183 Spruce St', 'Taylor', 'Amit', 99025172, 'Student', 'PolyU'),
	('vhsmp.kkcos@example.com', 'uQETkdHp', '157 Spruce St', 'Williams', 'Jane', 14942237, 'Alumni', 'PolyU'),
	('john.patel@testmail.com', 'xsa2sOEJ', '976 Spruce St', 'Patel', 'John', 42295852, 'Student', 'SPEED'),
	('anna.lee@email.com', 'il0h37AX', '932 Birch St', 'Lee', 'Anna', 60354974, 'Guest', 'Others'),
	('grace.chen@email.com', 'a7ypRuac', '169 Cedar St', 'Chen', 'Grace', 24079911, 'Student', 'PolyU'),
	('sophia.doe@example.com', 'wyPwkxV5', '577 Willow St', 'Doe', 'Sophia', 75200922, 'Staff', 'HKCC'),
	('grace.patel@example.com', '4v9bdOeU', '469 Spruce St', 'Patel', 'Grace', 23483811, 'Staff', 'SPEED'),
	('jane.patel@testmail.com', 'EQMaPAcI', '601 Maple St', 'Patel', 'Jane', 87346583, 'Alumni', 'PolyU'),
	('tbidj.zapkz@example.com', '0t4HgKc7', '436 Pine St', 'Lee', 'Emily', 15263818, 'Student', 'SPEED'),
	('anna.taylor@example.com', 'XWAkqUTS', '685 Spruce St', 'Taylor', 'Anna', 32310617, 'Student', 'SPEED'),
	('emily.doe@email.com', 'JGCU1zDb', '461 Birch St', 'Doe', 'Emily', 31106165, 'Guest', 'Others'),
	('grace.anderson@email.com', '9PIzFMYa', '522 Birch St', 'Anderson', 'Grace', 64060769, 'Staff', 'PolyU'),
	('emily.johnson@testmail.com', 'nWbiJZfq', '329 Cedar St', 'Johnson', 'Emily', 10705653, 'Alumni', 'PolyU'),
	('cmeri.ryhdr@example.com', 'CZQtJcOr', '619 Cedar St', 'Lee', 'Sophia', 10096730, 'Guest', 'Others'),
	('li.doe@testmail.com', 'WsqIhZCY', '525 Pine St', 'Doe', 'Li', 32073445, 'Staff', 'PolyU'),
	('ggqpk.svyyp@example.com', 'Fgvlkm7O', '833 Maple St', 'Lee', 'Grace', 57669000, 'Student', 'PolyU'),
	('mark.johnson@email.com', '1KWemmG8', '177 Cedar St', 'Johnson', 'Mark', 43718649, 'Student', 'HKCC'),
	('tom.doe@testmail.com', 'tUs1hgFG', '403 Pine St', 'Doe', 'Tom', 63246608, 'Guest', 'Others'),
	('li.clark@example.com', 'St0RnFGL', '925 Cedar St', 'Clark', 'Li', 98223708, 'Alumni', 'HKCC'),
	('chris.doe@email.com', 'LZAvZi80', '584 Birch St', 'Doe', 'Chris', 12041061, 'Staff', 'HKCC'),
	('grace.johnson@testmail.com', 'SGepHKG8', '53 Oak St', 'Johnson', 'Grace', 35853461, 'Student', 'SPEED'),
	('mark.brown@email.com', '18hZ3VXt', '154 Birch St', 'Brown', 'Mark', 94691383, 'Guest', 'Others'),
	('jbpvq.ogkno@example.com', 'znxUxm1e', '467 Maple St', 'Brown', 'Tom', 30457131, 'Guest', 'Others'),
	('ukuuv.escvs@example.com', 'XL1XMSfD', '384 Maple St', 'Lee', 'Jane', 23106376, 'Student', 'PolyU'),
	('pvjli.kyfpi@example.com', 'U6lubhPF', '983 Oak St', 'Clark', 'Chris', 33678977, 'Guest', 'Others'),
	('sxjwt.jhqpm@example.com', 'hmktAxAK', '799 Pine St', 'Lee', 'Emily', 73372324, 'Alumni', 'PolyU'),
	('mark.williams@testmail.com', 'IVwP1xFJ', '113 Maple St', 'Williams', 'Mark', 68399824, 'Staff', 'HKCC'),
	('grace.anderson@testmail.com', 'zTYtmr1g', '910 Cedar St', 'Anderson', 'Grace', 94868167, 'Student', 'SPEED'),
	('john.williams@testmail.com', 'fgCTpY8B', '906 Willow St', 'Williams', 'John', 86042892, 'Staff', 'HKCC'),
	('john.smith@email.com', '8Ax5P1go', '865 Willow St', 'Smith', 'John', 77816899, 'Student', 'PolyU'),
	('john.williams@example.com', 'bWdE4IwZ', '822 Oak St', 'Williams', 'John', 76158056, 'Staff', 'SPEED'),
	('ucjtc.nduhc@example.com', '0Zip6pqL', '343 Cedar St', 'Chen', 'Anna', 53826279, 'Guest', 'Others'),
	('emjti.jcehx@example.com', 'jEtILikA', '243 Birch St', 'Patel', 'Mark', 35762405, 'Student', 'PolyU'),
	('jane.lee@example.com', 'VBpL738L', '344 Maple St', 'Lee', 'Jane', 52220993, 'Alumni', 'HKCC'),
	('li.lee@example.com', '6AbXrpmn', '860 Willow St', 'Lee', 'Li', 75614146, 'Staff', 'PolyU'),
	('gqizu.nspqt@example.com', '8VoWoDbJ', '577 Oak St', 'Taylor', 'Amit', 83319816, 'Alumni', 'SPEED'),
	('ynglt.vmxyz@example.com', 'Ecj0INLc', '682 Birch St', 'Johnson', 'Anna', 86648405, 'Alumni', 'SPEED'),
	('qhbtg.xokni@example.com', 'xOMk2zlk', '159 Pine St', 'Taylor', 'Emily', 15769698, 'Student', 'SPEED'),
	('tom.patel@email.com', 'KTbvzGTC', '889 Birch St', 'Patel', 'Tom', 30684227, 'Alumni', 'HKCC'),
	('jane.lee@testmail.com', 'fsipj5Nd', '124 Willow St', 'Lee', 'Jane', 24928643, 'Staff', 'HKCC'),
	('emily.brown@example.com', 'zDvObBat', '918 Spruce St', 'Brown', 'Emily', 97237153, 'Student', 'PolyU'),
	('qffqm.wcrdz@example.com', 'ltyrbkPh', '111 Maple St', 'Lee', 'John', 62159958, 'Student', 'HKCC'),
	('tom.anderson@email.com', 'DPbnBaGD', '957 Pine St', 'Anderson', 'Tom', 10611612, 'Guest', 'Others'),
	('emily.williams@testmail.com', 'yAL336YO', '494 Maple St', 'Williams', 'Emily', 33499365, 'Student', 'HKCC'),
	('tom.brown@email.com', 'oPfhTVbb', '283 Maple St', 'Brown', 'Tom', 43617567, 'Alumni', 'SPEED'),
	('xylgl.sqraq@example.com', 'l3i6fHW3', '665 Spruce St', 'Williams', 'Sophia', 59662906, 'Guest', 'Others'),
	('tom.patel@testmail.com', 'KnnXPpU5', '893 Willow St', 'Patel', 'Tom', 44850335, 'Staff', 'HKCC'),
	('sjpme.wgoix@example.com', 'jnRGNCR5', '360 Willow St', 'Clark', 'Grace', 93645857, 'Alumni', 'SPEED'),
	('john.patel@email.com', 'feCSYPq2', '390 Birch St', 'Patel', 'John', 27408026, 'Guest', 'Others'),
	('john.chen@email.com', 'JEZQOEMq', '750 Oak St', 'Chen', 'John', 93943699, 'Student', 'HKCC'),
	('fljol.kzpvx@example.com', 'oo1WcxZ4', '170 Willow St', 'Lee', 'Sophia', 83023131, 'Guest', 'Others'),
	('mark.lee@email.com', 'qIxIDjii', '517 Cedar St', 'Lee', 'Mark', 64121251, 'Staff', 'SPEED'),
	('li.taylor@example.com', '9VKqIx4i', '272 Spruce St', 'Taylor', 'Li', 75118732, 'Guest', 'Others'),
	('grace.smith@email.com', 'rxAcIpkv', '154 Birch St', 'Smith', 'Grace', 15038690, 'Alumni', 'PolyU'),
	('natalie.smith@email.com', '7VX8EVXv', '409 Cedar St', 'Smith', 'Natalie', 45558728, 'Guest', 'Others'),
	('mark.smith@testmail.com', 'jGoX3WEl', '142 Pine St', 'Smith', 'Mark', 68929424, 'Staff', 'PolyU'),
	('grace.chen@testmail.com', 'ngAOV3R0', '625 Birch St', 'Chen', 'Grace', 47794348, 'Staff', 'HKCC'),
	('jgddz.zpqzy@example.com', 'GYorDfOn', '484 Oak St', 'Lee', 'Sophia', 81907236, 'Alumni', 'SPEED'),
	('grace.johnson@email.com', 'W0Ce88K3', '908 Oak St', 'Johnson', 'Grace', 47352458, 'Student', 'PolyU'),
	('amit.smith@example.com', 'r9601Sp5', '145 Spruce St', 'Smith', 'Amit', 36199915, 'Staff', 'SPEED'),
	('chris.chen@email.com', 'ZmJaYX5Q', '738 Spruce St', 'Chen', 'Chris', 97792356, 'Student', 'SPEED'),
	('anna.taylor@email.com', 'd1c8NFr2', '630 Maple St', 'Taylor', 'Anna', 71127530, 'Alumni', 'SPEED'),
	('grace.smith@example.com', 'IdQ30W2D', '819 Willow St', 'Smith', 'Grace', 68141361, 'Staff', 'HKCC'),
	('emily.doe@example.com', 'ZalWTOA8', '264 Birch St', 'Doe', 'Emily', 51794084, 'Alumni', 'SPEED'),
	('grace.patel@email.com', 'ebr3KKkr', '134 Spruce St', 'Patel', 'Grace', 21291100, 'Student', 'SPEED'),
	('towpt.qarth@example.com', 'dk5bcSj8', '416 Willow St', 'Patel', 'Natalie', 23313451, 'Alumni', 'SPEED'),
	('anna.clark@email.com', 'kGxZJ2ET', '66 Maple St', 'Clark', 'Anna', 41851563, 'Alumni', 'HKCC'),
	('bxrpz.vgpar@example.com', 'lgNKqWM5', '288 Oak St', 'Johnson', 'Chris', 42164691, 'Guest', 'Others'),
	('wploz.yilpb@example.com', 'lYtDZfZW', '839 Willow St', 'Lee', 'Chris', 68765164, 'Guest', 'Others'),
	('ihhzu.ikiku@example.com', 'H6wVM5ke', '144 Oak St', 'Anderson', 'Sophia', 27284416, 'Guest', 'Others'),
	('amit.doe@testmail.com', 'fN3rXND2', '289 Cedar St', 'Doe', 'Amit', 49273605, 'Staff', 'PolyU'),
	('zgxdl.spsbh@example.com', 'Z4qgjls9', '344 Spruce St', 'Lee', 'Sophia', 15533212, 'Guest', 'Others'),
	('logkk.visap@example.com', 'ZVDmfJWR', '873 Cedar St', 'Patel', 'Mark', 34273421, 'Staff', 'PolyU'),
	('pqeii.zbxsq@example.com', '6Rkp53Gy', '106 Willow St', 'Williams', 'Jane', 73840375, 'Guest', 'Others'),
	('ovomw.awwtf@example.com', 'QeAV8UnA', '771 Oak St', 'Chen', 'Chris', 94421644, 'Guest', 'Others'),
	('kezfr.pwqqq@example.com', 'VXU99HUu', '605 Maple St', 'Anderson', 'Sophia', 95638242, 'Staff', 'SPEED'),
	('peafk.uiwde@example.com', 'N2eOKjdS', '75 Maple St', 'Taylor', 'Li', 80133780, 'Student', 'SPEED'),
	('li.lee@testmail.com', 'uJdSB3qN', '450 Maple St', 'Lee', 'Li', 85404247, 'Student', 'PolyU'),
	('anna.williams@example.com', 'L2x6zGet', '520 Oak St', 'Williams', 'Anna', 58446644, 'Alumni', 'PolyU'),
	('dczaw.xahwj@example.com', 'AOtIVF4R', '899 Maple St', 'Taylor', 'Emily', 11001643, 'Staff', 'SPEED'),
	('rqsis.fiopn@example.com', 'EoUa5W4H', '430 Pine St', 'Lee', 'Chris', 45653073, 'Guest', 'Others'),
	('anna.johnson@example.com', '1Ca8Qfo3', '342 Oak St', 'Johnson', 'Anna', 54242285, 'Staff', 'PolyU'),
	('chris.smith@example.com', '7UEpAKO7', '750 Cedar St', 'Smith', 'Chris', 62755868, 'Guest', 'Others'),
	('mark.brown@testmail.com', 'FfiIeLk2', '694 Pine St', 'Brown', 'Mark', 69018585, 'Alumni', 'HKCC'),
	('emily.anderson@email.com', 'RwMEfYXP', '192 Cedar St', 'Anderson', 'Emily', 38135529, 'Student', 'PolyU'),
	('jane.chen@testmail.com', 'mmhpSfan', '201 Willow St', 'Chen', 'Jane', 53625171, 'Staff', 'SPEED'),
	('jane.chen@email.com', 'LwP3qyRY', '673 Oak St', 'Chen', 'Jane', 31568494, 'Student', 'PolyU'),
	('siquo.jqrgv@example.com', 'efGN4KuO', '25 Pine St', 'Lee', 'Jane', 32528120, 'Staff', 'SPEED'),
	('li.williams@email.com', 'EsLlnNwS', '879 Birch St', 'Williams', 'Li', 88158849, 'Student', 'HKCC'),
	('grace.williams@example.com', 'kVt1iDS7', '223 Oak St', 'Williams', 'Grace', 60905034, 'Staff', 'SPEED'),
	('emily.patel@example.com', 'xK6tnsPB', '170 Oak St', 'Patel', 'Emily', 84157009, 'Staff', 'PolyU'),
	('amit.clark@example.com', 'JcSA2tcX', '39 Pine St', 'Clark', 'Amit', 29806913, 'Staff', 'HKCC'),
	('sophia.brown@testmail.com', 'nNWNn0oO', '380 Maple St', 'Brown', 'Sophia', 57710161, 'Student', 'HKCC'),
	('natalie.doe@email.com', 'l4YBfoiG', '62 Maple St', 'Doe', 'Natalie', 79743867, 'Student', 'SPEED'),
	('bjydj.cjmmx@example.com', 'IaypMn0I', '646 Cedar St', 'Patel', 'Grace', 17894615, 'Student', 'PolyU'),
	('dsdjj.unipa@example.com', 'DfAAIszi', '447 Cedar St', 'Johnson', 'Chris', 37378750, 'Guest', 'Others'),
	('jane.clark@email.com', 'vIyDxI2J', '939 Cedar St', 'Clark', 'Jane', 88748584, 'Staff', 'SPEED'),
	('grace.doe@email.com', 'zMQfsycZ', '962 Oak St', 'Doe', 'Grace', 21944104, 'Guest', 'Others'),
	('tmjjk.gblas@example.com', 'xg6af905', '958 Cedar St', 'Lee', 'John', 63470597, 'Alumni', 'HKCC'),
	('sophia.patel@email.com', 'IePvzVRJ', '405 Cedar St', 'Patel', 'Sophia', 34651112, 'Staff', 'PolyU'),
	('li.patel@testmail.com', 'li3i5Aql', '154 Pine St', 'Patel', 'Li', 43826468, 'Staff', 'PolyU'),
	('mark.clark@example.com', 'g2ZPni8L', '72 Spruce St', 'Clark', 'Mark', 97262907, 'Student', 'SPEED'),
	('tom.taylor@example.com', '7OComDWo', '348 Willow St', 'Taylor', 'Tom', 14467509, 'Guest', 'Others'),
	('tom.smith@example.com', '2krIpr9c', '847 Spruce St', 'Smith', 'Tom', 46507168, 'Student', 'PolyU'),
	('jane.clark@testmail.com', 'jigJkUCO', '604 Spruce St', 'Clark', 'Jane', 98463400, 'Guest', 'Others'),
	('anna.lee@example.com', '3F1QLx52', '495 Pine St', 'Lee', 'Anna', 35772828, 'Alumni', 'HKCC'),
	('maxmy.iwjar@example.com', 'ACGtSOPc', '1 Maple St', 'Patel', 'Natalie', 78851887, 'Student', 'PolyU'),
	('tom.clark@testmail.com', 'dZTm7pQs', '123 Oak St', 'Clark', 'Tom', 14411141, 'Student', 'HKCC'),
	('epcxr.jzbth@example.com', 'DIcnP8MI', '546 Willow St', 'Brown', 'Grace', 92799513, 'Alumni', 'PolyU'),
	('amit.smith@email.com', 'lnQzUbrM', '830 Willow St', 'Smith', 'Amit', 62202126, 'Staff', 'HKCC'),
	('anna.brown@email.com', 'oQawLAnT', '756 Cedar St', 'Brown', 'Anna', 94875628, 'Staff', 'PolyU'),
	('uwwwb.qdffl@example.com', 'eYI7DjHf', '613 Willow St', 'Anderson', 'Sophia', 81292106, 'Student', 'PolyU'),
	('sophia.chen@email.com', 'z5OIiyTi', '33 Pine St', 'Chen', 'Sophia', 24984898, 'Alumni', 'PolyU'),
	('sophia.anderson@testmail.com', '02Fil4ed', '867 Cedar St', 'Anderson', 'Sophia', 86487020, 'Student', 'PolyU'),
	('anna.patel@example.com', 'BaTG1m1s', '813 Birch St', 'Patel', 'Anna', 61281366, 'Guest', 'Others'),
	('fpmar.phczw@example.com', 'tD0ATHLN', '817 Spruce St', 'Chen', 'Anna', 90887649, 'Staff', 'SPEED'),
	('kpccf.wjnrc@example.com', 'sC0lJPDZ', '321 Cedar St', 'Taylor', 'Emily', 66088818, 'Alumni', 'PolyU'),
	('tom.johnson@email.com', 'J69Koczv', '834 Oak St', 'Johnson', 'Tom', 66296993, 'Alumni', 'SPEED'),
	('tom.doe@email.com', 'yEBUgoMx', '312 Spruce St', 'Doe', 'Tom', 68755491, 'Guest', 'Others'),
	('tom.chen@email.com', 'hVQKwT8m', '297 Willow St', 'Chen', 'Tom', 62592233, 'Alumni', 'SPEED'),
	('mark.taylor@example.com', 'poWK4oFD', '36 Pine St', 'Taylor', 'Mark', 95110834, 'Student', 'SPEED'),
	('emily.smith@testmail.com', 'BJkCJtSZ', '826 Oak St', 'Smith', 'Emily', 50386231, 'Student', 'PolyU'),
	('ltwzo.gmeuu@example.com', 'rwHGNyfD', '384 Cedar St', 'Lee', 'Emily', 95250809, 'Alumni', 'HKCC'),
	('mark.lee@example.com', 'ggb8uiIh', '148 Pine St', 'Lee', 'Mark', 44084958, 'Alumni', 'HKCC'),
	('irmpz.wfmni@example.com', 'XNXt5nm5', '453 Maple St', 'Williams', 'Jane', 59742004, 'Guest', 'Others'),
	('okzjg.udcvr@example.com', 'KPxrHWM4', '67 Pine St', 'Lee', 'John', 71070911, 'Alumni', 'HKCC'),
	('ojxdb.vurqe@example.com', 'o4UMCePm', '224 Maple St', 'Williams', 'Jane', 79156207, 'Alumni', 'SPEED'),
	('john.williams@email.com', 'CX4e0wm2', '852 Pine St', 'Williams', 'John', 29422219, 'Alumni', 'SPEED'),
	('jjkua.jedeq@example.com', 'okRHvNMn', '714 Birch St', 'Doe', 'Anna', 84450120, 'Staff', 'PolyU'),
	('mark.anderson@testmail.com', 'DjQNPF4E', '975 Willow St', 'Anderson', 'Mark', 64791289, 'Student', 'HKCC'),
	('li.johnson@example.com', 'V51tluDb', '991 Oak St', 'Johnson', 'Li', 61648513, 'Alumni', 'SPEED'),
	('mark.williams@example.com', 'ZKYEeL51', '513 Birch St', 'Williams', 'Mark', 85683673, 'Staff', 'PolyU'),
	('xfwmj.nueyf@example.com', '1SnrI3l9', '868 Spruce St', 'Brown', 'Grace', 65041980, 'Alumni', 'SPEED'),
	('qcpdl.hmqvc@example.com', '9ZoxyzSZ', '731 Pine St', 'Brown', 'Tom', 57022501, 'Staff', 'SPEED'),
	('amit.lee@example.com', 'ZsuTdWbN', '943 Willow St', 'Lee', 'Amit', 36408670, 'Alumni', 'PolyU'),
	('anna.brown@example.com', 'DsWGoItM', '767 Spruce St', 'Brown', 'Anna', 74614900, 'Student', 'PolyU'),
	('cptdz.vdmoy@example.com', 'D3yaOtJk', '629 Pine St', 'Patel', 'Grace', 97952618, 'Alumni', 'SPEED'),
	('zabcp.xhyeg@example.com', 'bsk8vHkP', '387 Cedar St', 'Williams', 'Sophia', 51402105, 'Staff', 'HKCC'),
	('dxxtr.umope@example.com', 'y5U4lZ71', '721 Birch St', 'Doe', 'Anna', 15804283, 'Alumni', 'HKCC'),
	('anna.williams@testmail.com', 'ElyWN8TF', '38 Cedar St', 'Williams', 'Anna', 12159175, 'Alumni', 'PolyU'),
	('natalie.clark@email.com', 'KMBz3THO', '18 Maple St', 'Clark', 'Natalie', 20872565, 'Staff', 'HKCC'),
	('fpfdp.ctjdx@example.com', 'bNVn4h3r', '841 Cedar St', 'Taylor', 'Tom', 84313769, 'Student', 'HKCC'),
	('li.williams@testmail.com', '8F9lvi10', '850 Spruce St', 'Williams', 'Li', 37683064, 'Alumni', 'SPEED'),
	('anna.lee@testmail.com', 'K6NyYA9S', '979 Cedar St', 'Lee', 'Anna', 50130409, 'Alumni', 'SPEED'),
	('grace.chen@example.com', 'iFZafaP1', '358 Birch St', 'Chen', 'Grace', 50555706, 'Alumni', 'SPEED'),
	('amit.chen@example.com', 'dPMBBtqA', '458 Oak St', 'Chen', 'Amit', 27287474, 'Staff', 'SPEED'),
	('eojhu.wilfa@example.com', 'Vl0IjTjT', '631 Birch St', 'Chen', 'Anna', 32103840, 'Guest', 'Others'),
	('vsuwx.tkmnt@example.com', 'C2c2bmWY', '87 Cedar St', 'Brown', 'Jane', 30962175, 'Student', 'SPEED'),
	('emily.patel@email.com', 'IXozzdrH', '75 Oak St', 'Patel', 'Emily', 70263927, 'Alumni', 'PolyU');


-- Administrators INSERT STATEMENT
INSERT INTO Administrators(adminEmail, adminName, adminLastName, adminPassword)
VALUES
	('barbara.jackson@adminportal.com', 'Barbara', 'Jackson', 'Pass9853'),
	('barbara.robinson@adminportal.com', 'Barbara', 'Robinson', 'Pass7399'),
	('barbara.thomas@adminportal.com', 'Barbara', 'Thomas', 'Pass3082'),
	('barbara.white@adminportal.com', 'Barbara', 'White', 'Pass8404'),
	('barbara.black@adminportal.com', 'Barbara', 'Black', 'Pass9227'),
	('barbara.williams@adminportal.com', 'Barbara', 'Williams', 'Pass2882'),
	('charles.davis@adminportal.com', 'Charles', 'Davis', 'Pass3737'),
	('charles.david@adminportal.com', 'Charles', 'David', 'Pass1097'),
	('charles.garcia@adminportal.com', 'Charles', 'Garcia', 'Pass2634'),
	('charles.jones@adminportal.com', 'Charles', 'Jones', 'Pass6421'),
	('charles.taylor@adminportal.com', 'Charles', 'Taylor', 'Pass6130'),
	('charles.thomas@adminportal.com', 'Charles', 'Thomas', 'Pass8144'),
	('charles.white@adminportal.com', 'Charles', 'White', 'Pass7356'),
	('charles.williams@adminportal.com', 'Charles', 'Williams', 'Pass9066'),
	('charles.wilson@adminportal.com', 'Charles', 'Wilson', 'Pass3584'),
	('david.johnson@adminportal.com', 'David', 'Johnson', 'Pass8210'),
	('david.thompson@adminportal.com', 'David', 'Thompson', 'Pass9287'),
	('david.thomas@adminportal.com', 'David', 'Thomas', 'Pass2167'),
	('david.white@adminportal.com', 'David', 'White', 'Pass5468'),
	('elizabeth.davis@adminportal.com', 'Elizabeth', 'Davis', 'Pass7548'),
	('elizabeth.jackson@adminportal.com', 'Elizabeth', 'Jackson', 'Pass4081'),
	('elizabeth.robinson@adminportal.com', 'Elizabeth', 'Robinson', 'Pass3610'),
	('elizabeth.bob@adminportal.com', 'Elizabeth', 'Bob', 'Pass7621'),
	('elizabeth.thomas@adminportal.com', 'Elizabeth', 'Thomas', 'Pass4660'),
	('james.harris@adminportal.com', 'James', 'Harris', 'Pass8285'),
	('james.taylor@adminportal.com', 'James', 'Taylor', 'Pass9209'),
	('james.white@adminportal.com', 'James', 'White', 'Pass6927'),
	('james.wilson@adminportal.com', 'James', 'Wilson', 'Pass5178'),
	('jennifer.garcia@adminportal.com', 'Jennifer', 'Garcia', 'Pass1583'),
	('jennifer.martin@adminportal.com', 'Jennifer', 'Martin', 'Pass7852'),
	('jennifer.thompson@adminportal.com', 'Jennifer', 'Thompson', 'Pass4642'),
	('jessica.jackson@adminportal.com', 'Jessica', 'Jackson', 'Pass3971'),
	('jessica.jones@adminportal.com', 'Jessica', 'Jones', 'Pass8005'),
	('jessica.moore@adminportal.com', 'Jessica', 'Moore', 'Pass1916'),
	('jessica.taylor@adminportal.com', 'Jessica', 'Taylor', 'Pass2354'),
	('jessica.williams@adminportal.com', 'Jessica', 'Williams', 'Pass3979'),
	('john.martin@adminportal.com', 'John', 'Martin', 'Pass9622'),
	('john.williams@adminportal.com', 'John', 'Williams', 'Pass2987'),
	('joseph.garcia@adminportal.com', 'Joseph', 'Garcia', 'Pass1116'),
	('joseph.agatha@adminportal.com', 'Joseph', 'Agatha', 'Pass9333'),
	('joseph.jackson@adminportal.com', 'Joseph', 'Jackson', 'Pass3974'),
	('joseph.smith@adminportal.com', 'Joseph', 'Smith', 'Pass2194'),
	('joseph.wilson@adminportal.com', 'Joseph', 'Wilson', 'Pass7737'),
	('karen.martinez@adminportal.com', 'Karen', 'Martinez', 'Pass7422'),
	('linda.anderson@adminportal.com', 'Linda', 'Anderson', 'Pass8368'),
	('linda.brown@adminportal.com', 'Linda', 'Brown', 'Pass1995'),
	('linda.jackson@adminportal.com', 'Linda', 'Jackson', 'Pass7270'),
	('linda.martin@adminportal.com', 'Linda', 'Martin', 'Pass7749'),
	('linda.robinson@adminportal.com', 'Linda', 'Robinson', 'Pass8836'),
	('linda.taylor@adminportal.com', 'Linda', 'Taylor', 'Pass2052'),
	('linda.wilson@adminportal.com', 'Linda', 'Wilson', 'Pass1028'),
	('mary.anderson@adminportal.com', 'Mary', 'Anderson', 'Pass2064'),
	('mary.brown@adminportal.com', 'Mary', 'Brown', 'Pass3734'),
	('mary.martin@adminportal.com', 'Mary', 'Martin', 'Pass5271'),
	('mary.moore@adminportal.com', 'Mary', 'Moore', 'Pass8622'),
	('mary.taylor@adminportal.com', 'Mary', 'Taylor', 'Pass3471'),
	('mary.williams@adminportal.com', 'Mary', 'Williams', 'Pass4710'),
	('mary.wilson@adminportal.com', 'Mary', 'Wilson', 'Pass4709'),
	('mary.black@adminportal.com', 'Mary', 'Black', 'Pass8946'),
	('michael.brown@adminportal.com', 'Michael', 'Brown', 'Pass3946'),
	('michael.davis@adminportal.com', 'Michael', 'Davis', 'Pass3927'),
	('michael.jones@adminportal.com', 'Michael', 'Jones', 'Pass3630'),
	('patricia.garcia@adminportal.com', 'Patricia', 'Garcia', 'Pass1418'),
	('patricia.martin@adminportal.com', 'Patricia', 'Martin', 'Pass5314'),
	('patricia.miller@adminportal.com', 'Patricia', 'Miller', 'Pass3389'),
	('patricia.robinson@adminportal.com', 'Patricia', 'Robinson', 'Pass7006'),
	('patricia.thompson@adminportal.com', 'Patricia', 'Thompson', 'Pass3763'),
	('richard.brown@adminportal.com', 'Richard', 'Brown', 'Pass4954'),
	('richard.johnson@adminportal.com', 'Richard', 'Johnson', 'Pass4285'),
	('richard.miller@adminportal.com', 'Richard', 'Miller', 'Pass4468'),
	('richard.wilson@adminportal.com', 'Richard', 'Wilson', 'Pass7446'),
	('robert.jones@adminportal.com', 'Robert', 'Jones', 'Pass5272'),
	('robert.martinez@adminportal.com', 'Robert', 'Martinez', 'Pass9750'),
	('robert.martin@adminportal.com', 'Robert', 'Martin', 'Pass2898'),
	('robert.thomas@adminportal.com', 'Robert', 'Thomas', 'Pass3971'),
	('sarah.martin@adminportal.com', 'Sarah', 'Martin', 'Pass2849'),
	('sarah.taylor@adminportal.com', 'Sarah', 'Taylor', 'Pass8510'),
	('sarah.black@adminportal.com', 'Sarah', 'Black', 'Pass5764'),
	('sarah.thomas@adminportal.com', 'Sarah', 'Thomas', 'Pass3106'),
	('sarah.thompson@adminportal.com', 'Sarah', 'Thompson', 'Pass5293'),
	('sarah.white@adminportal.com', 'Sarah', 'White', 'Pass4620'),
	('susan.harris@adminportal.com', 'Susan', 'Harris', 'Pass6314'),
	('susan.jackson@adminportal.com', 'Susan', 'Jackson', 'Pass4580'),
	('susan.johnson@adminportal.com', 'Susan', 'Johnson', 'Pass4167'),
	('susan.martinez@adminportal.com', 'Susan', 'Martinez', 'Pass7575'),
	('susan.miller@adminportal.com', 'Susan', 'Miller', 'Pass6762'),
	('susan.moore@adminportal.com', 'Susan', 'Moore', 'Pass6725'),
	('susan.thomas@adminportal.com', 'Susan', 'Thomas', 'Pass2449'),
	('thomas.anderson@adminportal.com', 'Thomas', 'Anderson', 'Pass9175'),
	('thomas.robinson@adminportal.com', 'Thomas', 'Robinson', 'Pass9193'),
	('thomas.thomas@adminportal.com', 'Thomas', 'Thomas', 'Pass1217'),
	('thomas.thompson@adminportal.com', 'Thomas', 'Thompson', 'Pass3326'),
	('william.johnson@adminportal.com', 'William', 'Johnson', 'Pass1114'),
	('william.jones@adminportal.com', 'William', 'Jones', 'Pass5593'),
	('william.miller@adminportal.com', 'William', 'Miller', 'Pass5684'),
	('william.smith@adminportal.com', 'William', 'Smith', 'Pass7102'),
	('william.taylor@adminportal.com', 'William', 'Taylor', 'Pass5816'),
	('william.thomas@adminportal.com', 'William', 'Thomas', 'Pass5528'),
	('william.thompson@adminportal.com', 'William', 'Thompson', 'Pass8104'),
	('william.white@adminportal.com', 'William', 'White', 'Pass9393');


-- Banquet INSERT STATEMENT
INSERT INTO Banquet(BID, banquetName, address, location, staffEmail, banquetDate, banquetTime, available, totalSeats, registeredUsers)
VALUES
	(1, 'Wedding Gala', '123 Rosewood Ave', 'New York', 'emily.johnson@email.com', Timestamp('2024-11-25 00:00:00'), '18:00:00', 1, 200, 0),
	(2, 'Corporate Luncheon', '456 Elm St', 'Chicago', 'jane.brown@example.com', Timestamp('2024-12-01 00:00:00'), '12:00:00', 1, 150, 0),
	(3, 'Charity Ball', '789 Maple Dr', 'Los Angeles', 'risxg.wfyfd@example.com', Timestamp('2024-12-05 00:00:00'), '19:30:00', 1, 300, 0),
	(4, 'Birthday Bash', '101 Pine Ln', 'Miami', 'li.johnson@email.com', Timestamp('2024-12-10 00:00:00'), '18:00:00', 1, 100, 0),
	(5, 'Holiday Party', '202 Birch Ct', 'Dallas', 'li.chen@example.com', Timestamp('2024-12-15 00:00:00'), '20:00:00', 1, 250, 0),
	(6, 'New Year Gala', '303 Cedar Rd', 'San Francisco', 'li.anderson@email.com', Timestamp('2024-12-31 00:00:00'), '21:00:00', 1, 400, 0),
	(7, 'Team Building Event', '404 Oak St', 'Seattle', 'natalie.smith@testmail.com', Timestamp('2024-11-22 00:00:00'), '13:00:00', 1, 80, 0),
	(8, 'Engagement Celebration', '505 Spruce Ave', 'Boston', 'srriu.wzhbr@example.com', Timestamp('2024-12-18 00:00:00'), '17:00:00', 1, 120, 0),
	(9, 'Anniversary Dinner', '606 Aspen Blvd', 'Houston', 'john.doe@testmail.com', Timestamp('2024-11-28 00:00:00'), '19:00:00', 1, 75, 0),
	(10, 'Retirement Party', '707 Poplar Cir', 'Orlando', 'tzewd.mabrc@example.com', Timestamp('2024-12-20 00:00:00'), '16:30:00', 1, 90, 0),
	(11, 'Family Reunion', '808 Redwood St', 'Phoenix', 'neerd.adsfr@example.com', Timestamp('2024-11-30 00:00:00'), '12:00:00', 1, 110, 0),
	(12, 'Product Launch', '909 Willow Ln', 'San Diego', 'jaqwt.uyzak@example.com', Timestamp('2024-12-03 00:00:00'), '19:00:00', 1, 350, 0),
	(13, 'Conference Dinner', '111 Acorn Way', 'Las Vegas', 'emily.johnson@email.com', Timestamp('2024-12-08 00:00:00'), '20:00:00', 1, 500, 0),
	(14, 'Gala Night', '212 Bay View Dr', 'Philadelphia', 'jane.williams@testmail.com', Timestamp('2024-11-24 00:00:00'), '18:00:00', 1, 275, 0),
	(15, 'Fundraising Gala', '313 Harbor Blvd', 'San Antonio', 'cicaj.lzfgk@example.com', Timestamp('2024-12-12 00:00:00'), '19:30:00', 1, 180, 0),
	(16, 'Award Ceremony', '414 Ocean Ave', 'Detroit', 'zmmrk.iskdu@example.com', Timestamp('2024-12-04 00:00:00'), '19:00:00', 1, 220, 0),
	(17, 'Cultural Night', '515 River Rd', 'Denver', 'grace.anderson@email.com', Timestamp('2024-12-02 00:00:00'), '17:00:00', 1, 300, 0),
	(18, 'Wedding Reception', '616 Lake Shore Dr', 'Austin', 'li.doe@testmail.com', Timestamp('2024-12-09 00:00:00'), '20:00:00', 1, 400, 0),
	(19, 'Graduation Party', '717 Garden Way', 'Portland', 'chris.doe@email.com', Timestamp('2024-11-23 00:00:00'), '14:00:00', 1, 50, 0),
	(20, 'Networking Event', '818 Summit St', 'Nashville', 'mark.williams@testmail.com', Timestamp('2024-11-27 00:00:00'), '18:00:00', 1, 180, 0),
	(21, 'Cocktail Party', '919 Pearl Rd', 'Atlanta', 'john.williams@testmail.com', Timestamp('2024-12-14 00:00:00'), '21:00:00', 1, 130, 0),
	(22, 'Thanksgiving Feast', '121 Ridge Rd', 'Minneapolis', 'john.williams@example.com', Timestamp('2024-11-26 00:00:00'), '17:00:00', 1, 200, 0),
	(23, 'Music Night', '222 Valley Ave', 'Salt Lake City', 'li.lee@example.com', Timestamp('2024-12-06 00:00:00'), '19:30:00', 1, 250, 0),
	(24, 'Community Picnic', '323 Mountain Blvd', 'Charlotte', 'jane.lee@testmail.com', Timestamp('2024-11-29 00:00:00'), '12:30:00', 1, 100, 0),
	(25, 'Farewell Dinner', '424 Sunset Dr', 'Tampa', 'tom.patel@testmail.com', Timestamp('2024-12-13 00:00:00'), '19:00:00', 1, 60, 0),
	(26, 'Business Summit', '525 Sunrise Blvd', 'San Jose', 'mark.lee@email.com', Timestamp('2024-12-07 00:00:00'), '20:00:00', 1, 500, 0),
	(27, 'Art Exhibition', '626 Orchid Ln', 'Columbus', 'mark.smith@testmail.com', Timestamp('2024-11-21 00:00:00'), '18:00:00', 1, 150, 0),
	(28, 'Charity Dinner', '727 Ivy Way', 'Memphis', 'grace.chen@testmail.com', Timestamp('2024-12-11 00:00:00'), '19:00:00', 1, 275, 0),
	(29, 'Festival Celebration', '828 Dandelion St', 'El Paso', 'amit.smith@example.com', Timestamp('2024-11-20 00:00:00'), '18:30:00', 1, 400, 0),
	(30, 'Sports Banquet', '929 Magnolia Ave', 'Oklahoma City', 'grace.smith@example.com', Timestamp('2024-12-17 00:00:00'), '16:00:00', 1, 80, 0),
	(31, 'Career Fair', '131 Palm Ct', 'Fresno', 'jane.clark@email.com', Timestamp('2024-12-16 00:00:00'), '14:00:00', 1, 350, 0),
	(32, 'Tech Expo', '232 Aspen Grove', 'Indianapolis', 'sophia.patel@email.com', Timestamp('2024-12-19 00:00:00'), '15:00:00', 1, 300, 0),
	(33, 'Garden Party', '333 Meadow Ln', 'Kansas City', 'li.patel@testmail.com', Timestamp('2024-11-19 00:00:00'), '17:30:00', 1, 50, 0),
	(34, 'New Product Showcase', '434 Maple Grove', 'Fort Worth', 'amit.doe@testmail.com', Timestamp('2024-12-21 00:00:00'), '13:00:00', 1, 150, 0),
	(35, 'Spring Festival', '535 Birchwood Ave', 'Louisville', 'logkk.visap@example.com', Timestamp('2024-12-22 00:00:00'), '16:00:00', 1, 300, 0),
	(36, 'End of Year Dinner', '636 Laurel Ln', 'Omaha', 'kezfr.pwqqq@example.com', Timestamp('2024-12-23 00:00:00'), '20:00:00', 1, 200, 0),
	(37, 'Winter Wonderland Party', '737 Forest Dr', 'Milwaukee', 'dczaw.xahwj@example.com', Timestamp('2024-12-24 00:00:00'), '18:00:00', 1, 180, 0),
	(38, 'Outdoor Movie Night', '838 Elm Park', 'Albuquerque', 'anna.johnson@example.com', Timestamp('2024-11-18 00:00:00'), '19:00:00', 1, 250, 0),
	(39, 'International Day', '939 Cherry Grove', 'Virginia Beach', 'jane.chen@testmail.com', Timestamp('2024-12-27 00:00:00'), '12:00:00', 1, 500, 0),
	(40, 'Thank You Dinner', '141 Clover Field', 'Tulsa', 'siquo.jqrgv@example.com', Timestamp('2024-12-28 00:00:00'), '19:00:00', 1, 75, 0),
	(41, 'Business Mixer', '242 Pine Hollow', 'New Orleans', 'grace.williams@example.com', Timestamp('2024-12-29 00:00:00'), '18:30:00', 1, 90, 0),
	(42, 'Fashion Show', '343 Willow Ridge', 'Arlington', 'emily.patel@example.com', Timestamp('2024-12-30 00:00:00'), '20:00:00', 1, 300, 0),
	(43, 'Film Screening', '444 Blossom Cir', 'Houston', 'amit.clark@example.com', Timestamp('2024-12-25 00:00:00'), '15:00:00', 1, 400, 0),
	(44, 'Comedy Night', '545 Orchid Path', 'Sacramento', 'jjkua.jedeq@example.com', Timestamp('2024-12-26 00:00:00'), '19:30:00', 1, 100, 0),
	(45, 'Black-Tie Gala', '646 Maple Haven', 'Long Beach', 'mark.williams@example.com', Timestamp('2024-12-31 00:00:00'), '21:00:00', 1, 500, 0),
	(46, 'Open Mic Night', '747 Pine Woods', 'Henderson', 'qcpdl.hmqvc@example.com', Timestamp('2024-11-17 00:00:00'), '18:00:00', 1, 120, 0),
	(47, 'Poetry Slam', '848 River Bend', 'Fort Lauderdale', 'zabcp.xhyeg@example.com', Timestamp('2024-12-15 00:00:00'), '17:30:00', 1, 200, 0),
	(48, 'Book Launch', '949 Sunset Meadow', 'St. Louis', 'natalie.clark@email.com', Timestamp('2024-12-20 00:00:00'), '18:00:00', 1, 150, 0),
	(49, 'Chess Championship', '151 Mountain Ridge', 'Cleveland', 'amit.chen@example.com', Timestamp('2024-11-16 00:00:00'), '14:00:00', 1, 100, 0),
	(50, 'Food Festival', '252 Hill Top', 'Dallas', 'vsuwx.tkmnt@example.com', Timestamp('2024-12-15 00:00:00'), '11:00:00', 1, 500, 0);


-- Meal INSERT STATEMENT
INSERT INTO Meal(mealName, special, type)
VALUES
	('Grilled Chicken', 'High Protein', 'Chicken'),
	('Beef Stroganoff', 'Premium Quality', 'Beef'),
	('Chicken Tikka Masala', 'High Protein', 'Chicken'),
	('Grilled Salmon', 'Classic Flavor', 'Mixed'),
	('BBQ Ribs', 'Classic Flavor', 'Mixed'),
	('Pesto Pasta', 'Classic Flavor', 'Mixed'),
	('Shrimp Scampi', 'Classic Flavor', 'Mixed'),
	('Vegetarian Lasagna', 'Vegan-Friendly', 'Vegan'),
	('Beef Wellington', 'Premium Quality', 'Beef'),
	('Chicken Alfredo', 'High Protein', 'Chicken'),
	('Stuffed Bell Peppers', 'Classic Flavor', 'Mixed'),
	('Vegetable Curry', 'Classic Flavor', 'Mixed'),
	('Seafood Paella', 'Omega-3 Rich', 'Fish'),
	('Lamb Chops', 'Halal Certified', 'Halal'),
	('Teriyaki Chicken', 'High Protein', 'Chicken'),
	('Mushroom Risotto', 'Classic Flavor', 'Mixed'),
	('Chicken Shawarma', 'High Protein', 'Chicken'),
	('Crab Cakes', 'Classic Flavor', 'Mixed'),
	('Fish and Chips', 'Omega-3 Rich', 'Fish'),
	('Fried Rice', 'Classic Flavor', 'Mixed'),
	('Chicken Satay', 'High Protein', 'Chicken'),
	('Ratatouille', 'Classic Flavor', 'Mixed'),
	('Vegan Burger', 'Vegan-Friendly', 'Vegan'),
	('Beef Steak', 'Premium Quality', 'Beef'),
	('Tofu Stir-fry', 'Classic Flavor', 'Mixed'),
	('Chicken Curry', 'High Protein', 'Chicken'),
	('Pork Ribs', 'Slow-cooked', 'Pork'),
	('Vegetarian Pizza', 'Vegan-Friendly', 'Vegan'),
	('Falafel Wrap', 'Classic Flavor', 'Mixed'),
	('BBQ Pork', 'Slow-cooked', 'Pork'),
	('Spinach Quiche', 'Classic Flavor', 'Mixed'),
	('Halal Lamb', 'Halal Certified', 'Halal'),
	('Vegan Pasta', 'Vegan-Friendly', 'Vegan'),
	('Vegan Tacos', 'Vegan-Friendly', 'Vegan'),
	('Fish Tacos', 'Omega-3 Rich', 'Fish'),
	('Miso Ramen', 'Classic Flavor', 'Mixed'),
	('Vegetable Stir-fry', 'Classic Flavor', 'Mixed'),
	('Herb-Crusted Fish', 'Omega-3 Rich', 'Fish'),
	('Vegetarian Sushi', 'Vegan-Friendly', 'Vegan'),
	('Grilled Shrimp', 'Classic Flavor', 'Mixed'),
	('Vegan Salad', 'Vegan-Friendly', 'Vegan'),
	('Butter Chicken', 'High Protein', 'Chicken'),
	('Pork Chops', 'Slow-cooked', 'Pork'),
	('Spinach Ravioli', 'Classic Flavor', 'Mixed'),
	('Grilled Pork Belly', 'Slow-cooked', 'Pork'),
	('Vegetarian Pho', 'Vegan-Friendly', 'Vegan'),
	('Lamb Kebabs', 'Halal Certified', 'Halal'),
	('Halal Chicken', 'High Protein', 'Chicken'),
	('Tofu Pad Thai', 'Classic Flavor', 'Mixed'),
	('Beef Tacos', 'Premium Quality', 'Beef');


-- Drink INSERT STATEMENT
INSERT INTO Drink(drinkName, isAlcoholic)
VALUES
	('Cola', 0),
	('Lemonade', 0),
	('Iced Tea', 0),
	('Orange Juice', 0),
	('Apple Juice', 0),
	('Grape Soda', 0),
	('Root Beer', 0),
	('Ginger Ale', 0),
	('Sparkling Water', 0),
	('Still Water', 0),
	('Mango Smoothie', 0),
	('Berry Blast', 0),
	('Peach Tea', 0),
	('Green Tea', 0),
	('Chamomile Tea', 0),
	('Espresso', 0),
	('Latte', 0),
	('Cappuccino', 0),
	('Macchiato', 0),
	('Mocha', 0),
	('Red Wine', 1),
	('White Wine', 1),
	('Rose', 1),
	('Champagne', 1),
	('Whiskey', 1),
	('Vodka', 1),
	('Rum', 1),
	('Gin', 1),
	('Tequila', 1),
	('Cider', 1),
	('Beer', 1),
	('Ale', 1),
	('Porter', 1),
	('Stout', 1),
	('Bourbon', 1),
	('Scotch', 1),
	('Brandy', 1),
	('Sangria', 1),
	('Margarita', 1),
	('Martini', 1),
	('Cosmopolitan', 1),
	('Pina Colada', 1),
	('Mai Tai', 1),
	('Long Island Iced Tea', 1),
	('Bloody Mary', 1),
	('Mojito', 1),
	('Daiquiri', 1),
	('Spritzer', 1),
	('Negroni', 1),
	('Old Fashioned', 1);


-- BanquetMeals INSERT STATEMENT
INSERT INTO BanquetMeals(bid, mealName, price)
VALUES
	(1, 'Beef Steak', 46),
	(1, 'Seafood Paella', 35),
	(1, 'Vegan Burger', 18),
	(1, 'Vegetarian Lasagna', 19),
	(2, 'Chicken Curry', 30),
	(2, 'Grilled Salmon', 35),
	(2, 'Pork Ribs', 37),
	(2, 'Tofu Stir-fry', 18),
	(3, 'BBQ Pork', 40),
	(3, 'Falafel Wrap', 20),
	(3, 'Mushroom Risotto', 26),
	(3, 'Vegetarian Pizza', 19),
	(4, 'Chicken Alfredo', 29),
	(4, 'Halal Lamb', 35),
	(4, 'Spinach Quiche', 22),
	(4, 'Vegan Pasta', 21),
	(5, 'Beef Wellington', 50),
	(5, 'Fish Tacos', 26),
	(5, 'Stuffed Bell Peppers', 19),
	(5, 'Vegan Tacos', 20),
	(6, 'Chicken Shawarma', 25),
	(6, 'Herb-Crusted Fish', 30),
	(6, 'Miso Ramen', 16),
	(6, 'Vegetable Stir-fry', 16),
	(7, 'Butter Chicken', 28),
	(7, 'Grilled Shrimp', 40),
	(7, 'Vegan Salad', 15),
	(7, 'Vegetarian Sushi', 19),
	(8, 'Fried Rice', 26),
	(8, 'Pork Chops', 42),
	(8, 'Spinach Ravioli', 24),
	(8, 'Vegetable Curry', 30),
	(9, 'Grilled Pork Belly', 34),
	(9, 'Ratatouille', 22),
	(9, 'Teriyaki Chicken', 30),
	(9, 'Vegetarian Pho', 18),
	(10, 'Grilled Pork Belly', 34),
	(10, 'Halal Chicken', 28),
	(10, 'Lamb Kebabs', 36),
	(10, 'Tofu Pad Thai', 20),
	(11, 'Chicken Satay', 26),
	(11, 'Chicken Tikka Masala', 28),
	(11, 'Crab Cakes', 38),
	(11, 'Vegetable Curry', 30),
	(12, 'Beef Stroganoff', 39),
	(12, 'Fried Rice', 26),
	(12, 'Grilled Chicken', 28),
	(12, 'Pork Ribs', 37),
	(13, 'Chicken Satay', 26),
	(13, 'Chicken Tikka Masala', 28),
	(13, 'Grilled Chicken', 28),
	(13, 'Vegetable Stir-fry', 16),
	(14, 'Chicken Tikka Masala', 28),
	(14, 'Fried Rice', 26),
	(14, 'Vegan Burger', 18),
	(14, 'Vegetarian Sushi', 19),
	(15, 'Beef Steak', 46),
	(15, 'Grilled Pork Belly', 34),
	(15, 'Vegan Burger', 18),
	(15, 'Vegetarian Pho', 18),
	(16, 'Grilled Chicken', 28),
	(16, 'Pesto Pasta', 21),
	(16, 'Shrimp Scampi', 35),
	(16, 'Vegetarian Pizza', 19),
	(17, 'Chicken Alfredo', 29),
	(17, 'Lamb Chops', 42),
	(17, 'Stuffed Bell Peppers', 19),
	(17, 'Vegan Pasta', 21),
	(18, 'Chicken Tikka Masala', 28),
	(18, 'Grilled Chicken', 28),
	(18, 'Mushroom Risotto', 26),
	(18, 'Vegetable Stir-fry', 16),
	(19, 'Beef Steak', 46),
	(19, 'Grilled Chicken', 28),
	(19, 'Grilled Pork Belly', 34),
	(19, 'Vegan Pasta', 21),
	(20, 'Beef Steak', 46),
	(20, 'Chicken Tikka Masala', 28),
	(20, 'Fish and Chips', 31),
	(20, 'Vegetarian Pho', 18),
	(21, 'Chicken Satay', 26),
	(21, 'Herb-Crusted Fish', 30),
	(21, 'Stuffed Bell Peppers', 19),
	(21, 'Vegetarian Sushi', 19),
	(22, 'Beef Stroganoff', 39),
	(22, 'Chicken Satay', 26),
	(22, 'Chicken Tikka Masala', 28),
	(22, 'Vegetarian Pho', 18),
	(23, 'Beef Stroganoff', 39),
	(23, 'Grilled Chicken', 28),
	(23, 'Vegetable Stir-fry', 16),
	(23, 'Vegetarian Sushi', 19),
	(24, 'Chicken Satay', 26),
	(24, 'Grilled Chicken', 28),
	(24, 'Miso Ramen', 16),
	(24, 'Vegetarian Lasagna', 19),
	(25, 'Beef Steak', 46),
	(25, 'Stuffed Bell Peppers', 19),
	(25, 'Vegetable Curry', 30),
	(25, 'Vegetarian Pho', 18),
	(26, 'Chicken Alfredo', 29),
	(26, 'Grilled Chicken', 28),
	(26, 'Grilled Pork Belly', 34),
	(26, 'Miso Ramen', 16),
	(27, 'Beef Stroganoff', 39),
	(27, 'Beef Tacos', 45),
	(27, 'Grilled Chicken', 28),
	(27, 'Vegetarian Sushi', 19),
	(28, 'Grilled Chicken', 28),
	(28, 'Halal Chicken', 28),
	(28, 'Tofu Stir-fry', 18),
	(28, 'Vegan Burger', 18),
	(29, 'Beef Stroganoff', 39),
	(29, 'Grilled Chicken', 28),
	(29, 'Grilled Pork Belly', 34),
	(29, 'Tofu Stir-fry', 18),
	(30, 'Beef Stroganoff', 39),
	(30, 'Fish and Chips', 31),
	(30, 'Grilled Chicken', 28),
	(30, 'Tofu Stir-fry', 18),
	(31, 'Beef Stroganoff', 39),
	(31, 'Grilled Chicken', 28),
	(31, 'Halal Chicken', 28),
	(31, 'Pesto Pasta', 21),
	(32, 'Grilled Chicken', 28),
	(32, 'Beef Stroganoff', 39),
	(32, 'Lamb Chops', 42),
	(32, 'Vegetable Curry', 30),
	(33, 'Chicken Tikka Masala', 28),
	(33, 'Grilled Chicken', 28),
	(33, 'Halal Chicken', 28),
	(33, 'Pork Ribs', 37),
	(34, 'Beef Stroganoff', 39),
	(34, 'Chicken Tikka Masala', 28),
	(34, 'Grilled Chicken', 28),
	(34, 'Halal Chicken', 28),
	(35, 'Beef Stroganoff', 39),
	(35, 'Grilled Chicken', 28),
	(35, 'Halal Chicken', 28),
	(35, 'Pork Ribs', 37),
	(36, 'Beef Stroganoff', 39),
	(36, 'Grilled Chicken', 28),
	(36, 'Vegetable Curry', 30),
	(36, 'Vegetarian Pho', 18),
	(37, 'BBQ Ribs', 42),
	(37, 'Beef Stroganoff', 39),
	(37, 'Grilled Chicken', 28),
	(37, 'Halal Chicken', 28),
	(38, 'Beef Stroganoff', 39),
	(38, 'Grilled Chicken', 28),
	(38, 'Vegan Burger', 18),
	(38, 'Vegan Salad', 15),
	(39, 'Beef Stroganoff', 39),
	(39, 'Grilled Chicken', 28),
	(39, 'Halal Chicken', 28),
	(39, 'Herb-Crusted Fish', 30),
	(40, 'Beef Stroganoff', 39),
	(40, 'Chicken Satay', 26),
	(40, 'Grilled Chicken', 28),
	(40, 'Halal Chicken', 28),
	(41, 'Beef Stroganoff', 39),
	(41, 'Chicken Tikka Masala', 28),
	(41, 'Grilled Chicken', 28),
	(41, 'Vegetable Curry', 30),
	(42, 'Beef Stroganoff', 39),
	(42, 'Grilled Chicken', 28),
	(42, 'Lamb Kebabs', 36),
	(42, 'Vegetarian Lasagna', 19),
	(43, 'Beef Stroganoff', 39),
	(43, 'Grilled Chicken', 28),
	(43, 'Halal Chicken', 28),
	(43, 'Vegetable Stir-fry', 16),
	(44, 'Beef Stroganoff', 39),
	(44, 'Fish Tacos', 26),
	(44, 'Grilled Chicken', 28),
	(44, 'Vegetarian Pizza', 19),
	(45, 'Beef Stroganoff', 39),
	(45, 'Grilled Pork Belly', 34),
	(45, 'Halal Lamb', 35),
	(45, 'Vegetarian Sushi', 19),
	(46, 'Beef Stroganoff', 39),
	(46, 'Grilled Chicken', 28),
	(46, 'Halal Lamb', 35),
	(46, 'Vegetable Curry', 30),
	(47, 'Beef Stroganoff', 39),
	(47, 'Grilled Chicken', 28),
	(47, 'Halal Lamb', 35),
	(47, 'Vegetable Curry', 30),
	(48, 'Beef Stroganoff', 39),
	(48, 'Grilled Chicken', 28),
	(48, 'Pork Ribs', 37),
	(48, 'Tofu Stir-fry', 18),
	(49, 'Beef Stroganoff', 39),
	(49, 'Fish and Chips', 31),
	(49, 'Grilled Chicken', 28),
	(49, 'Halal Chicken', 28),
	(50, 'Beef Stroganoff', 39),
	(50, 'Chicken Tikka Masala', 28),
	(50, 'Pork Ribs', 37),
	(50, 'Vegetarian Pizza', 19);


-- BanquetDrinks INSERT STATEMENT
INSERT INTO BanquetDrinks(BID, drinkName, price)
VALUES
	(1, 'Cola', 10),
	(1, 'Lemonade', 9),
	(1, 'Orange Juice', 12),
	(2, 'Red Wine', 20),
	(2, 'White Wine', 18),
	(2, 'Lemonade', 8),
	(3, 'Beer', 15),
	(3, 'Sparkling Water', 6),
	(3, 'Gin', 25),
	(4, 'Whiskey', 30),
	(4, 'Apple Juice', 10),
	(4, 'Long Island Iced Tea', 5),
	(5, 'Espresso', 7),
	(5, 'Champagne', 28),
	(5, 'Margarita', 22),
	(6, 'Mojito', 20),
	(6, 'Iced Tea', 12),
	(6, 'Orange Juice', 8),
	(7, 'Apple Juice', 10),
	(7, 'Vodka', 18),
	(7, 'Green Tea', 5),
	(8, 'Grape Soda', 7),
	(8, 'Beer', 15),
	(8, 'Root Beer', 10),
	(9, 'Ginger Ale', 12),
	(9, 'Sparkling Water', 25),
	(9, 'Latte', 8),
	(10, 'Still Water', 5),
	(10, 'Pina Colada', 18),
	(10, 'Mango Smoothie', 22),
	(11, 'Sangria', 16),
	(11, 'Berry Blast', 10),
	(11, 'Peach Tea', 5),
	(12, 'Rum', 20),
	(12, 'Green Tea', 5),
	(12, 'Chamomile Tea', 10),
	(13, 'White Wine', 18),
	(13, 'Whiskey', 30),
	(13, 'Espresso', 8),
	(14, 'Ale', 6),
	(14, 'Red Wine', 20),
	(14, 'Latte', 7),
	(15, 'Cappuccino', 12),
	(15, 'Macchiato', 22),
	(15, 'Beer', 15),
	(16, 'Mocha', 10),
	(16, 'Martini', 25),
	(16, 'Red Wine', 5),
	(17, 'White Wine', 5),
	(17, 'Margarita', 22),
	(17, 'Rose', 12),
	(18, 'Champagne', 18),
	(18, 'Rose', 20),
	(18, 'Beer', 15),
	(19, 'Whiskey', 8),
	(19, 'Vodka', 25),
	(19, 'Rum', 20),
	(20, 'Gin', 7),
	(20, 'Cola', 10),
	(20, 'Whiskey', 30),
	(21, 'Tequila', 12),
	(21, 'Bloody Mary', 25),
	(21, 'Cider', 10),
	(22, 'Beer', 15),
	(22, 'Ale', 10),
	(22, 'Porter', 8),
	(23, 'Stout', 7),
	(23, 'Red Wine', 20),
	(23, 'Still Water', 5),
	(24, 'Bourbon', 12),
	(24, 'Scotch', 18),
	(24, 'Espresso', 7),
	(25, 'Beer', 15),
	(25, 'Brandy', 22),
	(25, 'Sangria', 5),
	(26, 'Margarita', 5),
	(26, 'Champagne', 28),
	(26, 'Martini', 12),
	(27, 'Mango Smoothie', 10),
	(27, 'Cosmopolitan', 8),
	(27, 'Martini', 25),
	(28, 'Green Tea', 5),
	(28, 'Sparkling Water', 10),
	(28, 'Mai Tai', 18),
	(29, 'Beer', 15),
	(29, 'Gin', 25),
	(29, 'Long Island Iced Tea', 12),
	(30, 'Bloody Mary', 8),
	(30, 'Cider', 16),
	(30, 'Whiskey', 30),
	(31, 'Mojito', 10),
	(31, 'Margarita', 22),
	(31, 'Espresso', 7),
	(32, 'White Wine', 18),
	(32, 'Daiquiri', 15),
	(32, 'Spritzer', 5),
	(33, 'Negroni', 9),
	(33, 'Old Fashioned', 12),
	(33, 'Cola', 8),
	(34, 'Lemonade', 7),
	(34, 'Iced Tea', 8),
	(34, 'Champagne', 28),
	(35, 'Apple Juice', 10),
	(35, 'Sangria', 16),
	(35, 'Mojito', 20),
	(36, 'Sparkling Water', 6),
	(36, 'Vodka', 18),
	(36, 'Orange Juice', 5),
	(37, 'Apple Juice', 10),
	(37, 'Beer', 15),
	(37, 'Grape Soda', 8),
	(38, 'Mango Smoothie', 10),
	(38, 'Rose', 20),
	(38, 'Root Beer', 12),
	(39, 'Ginger Ale', 18),
	(39, 'Sparkling Water', 7),
	(39, 'Lemonade', 8),
	(40, 'Still Water', 15),
	(40, 'White Wine', 18),
	(40, 'Mango Smoothie', 18),
	(41, 'Latte', 8),
	(41, 'Champagne', 28),
	(41, 'Berry Blast', 22),
	(42, 'Peach Tea', 15),
	(42, 'Red Wine', 20),
	(42, 'Green Tea', 5),
	(43, 'Ale', 6),
	(43, 'Margarita', 22),
	(43, 'Green Tea', 12),
	(44, 'Chamomile Tea', 5),
	(44, 'Mojito', 20),
	(44, 'Espresso', 8),
	(45, 'Latte', 10),
	(45, 'Bloody Mary', 25),
	(45, 'Cappuccino', 12),
	(46, 'Still Water', 5),
	(46, 'Macchiato', 25),
	(46, 'Mocha', 8),
	(47, 'Red Wine', 7),
	(47, 'White Wine', 10),
	(47, 'Rose', 25),
	(48, 'Long Island Iced Tea', 5),
	(48, 'Champagne', 12),
	(48, 'Gin', 25),
	(49, 'Whiskey', 7),
	(49, 'Vodka', 5),
	(49, 'Rum', 8),
	(50, 'Gin', 5),
	(50, 'Tequila', 22),
	(50, 'Cider', 7);


-- UserBanquetRegistration INSERT STATEMENT
INSERT INTO UserBanquetRegistration(BID, email, mealName, alcoholicDrink, seatAssigned, specialNeeds, regDateTime, seatingPreference1, seatingPreference2)
VALUES
	(15, 'jane.johnson@email.com', 'Grilled Chicken', 1, NULL, 'Wheelchair Accessible', Timestamp('2024-11-21 12:56:00'), 'chris.doe@email.com', 'li.clark@example.com'),
	(48, 'grace.doe@example.com', 'Beef Stroganoff', 0, NULL, 'Near Stage Seating', Timestamp('2024-11-23 20:25:00'), 'amit.doe@testmail.com', 'maxmy.iwjar@example.com'),
	(25, 'tom.doe@example.com', 'Chicken Tikka Masala', 1, NULL, 'Wheelchair Accessible', Timestamp('2024-11-24 18:50:00'), 'john.patel@email.com', 'grace.smith@example.com'),
	(8, 'emily.smith@example.com', 'Grilled Salmon', 0, NULL, 'Gluten-Free Meal', Timestamp('2024-11-30 18:57:00'), 'john.williams@testmail.com', 'neerd.adsfr@example.com'),
	(23, 'jane.brown@example.com', 'BBQ Ribs', 0, NULL, 'Near Stage Seating', Timestamp('2024-11-24 11:32:00'), 'jane.chen@email.com', 'vsuwx.tkmnt@example.com'),
	(41, 'cpzyf.lhlxx@example.com', 'Pesto Pasta', 1, NULL, 'Near Stage Seating', Timestamp('2024-11-30 17:52:00'), 'natalie.doe@email.com', 'natalie.smith@email.com'),
	(30, 'jhbay.czffa@example.com', 'Shrimp Scampi', 0, NULL, 'Near Stage Seating', Timestamp('2024-11-27 16:53:00'), 'tom.taylor@example.com', 'tmjjk.gblas@example.com'),
	(1, 'sophia.clark@example.com', 'Vegetarian Lasagna', 0, NULL, 'Near Stage Seating', Timestamp('2024-11-20 17:14:00'), 'grace.patel@example.com', 'john.williams@example.com'),
	(18, 'utezo.qqgfu@example.com', 'Beef Wellington', 1, NULL, NULL, Timestamp('2024-11-30 10:15:00'), 'tdfyg.aunnb@example.com', 'tom.patel@testmail.com'),
	(50, 'anna.patel@email.com', 'Chicken Alfredo', 1, NULL, 'Gluten-Free Meal', Timestamp('2024-11-28 11:53:00'), 'ukuuv.escvs@example.com', 'anna.lee@email.com'),
	(28, 'tyssh.ofxew@example.com', 'Stuffed Bell Peppers', 1, NULL, 'Near Stage Seating', Timestamp('2024-11-24 19:18:00'), 'grace.smith@example.com', 'sophia.doe@email.com'),
	(36, 'amit.chen@email.com', 'Vegetable Curry', 0, NULL, NULL, Timestamp('2024-11-20 12:45:00'), 'li.williams@testmail.com', 'amit.clark@example.com'),
	(19, 'risxg.wfyfd@example.com', 'Seafood Paella', 0, NULL, 'Wheelchair Accessible', Timestamp('2024-11-20 10:17:00'), 'john.smith@email.com', 'ucjtc.nduhc@example.com'),
	(34, 'john.johnson@testmail.com', 'Lamb Chops', 0, NULL, 'Near Stage Seating', Timestamp('2024-11-27 19:56:00'), 'jane.clark@testmail.com', 'sophia.clark@example.com'),
	(7, 'rzlxp.iwnao@example.com', 'Teriyaki Chicken', 1, NULL, 'Wheelchair Accessible', Timestamp('2024-11-30 13:47:00'), 'natalie.chen@email.com', 'nmqav.vooku@example.com'),
	(31, 'uxpzg.mkpmc@example.com', 'Mushroom Risotto', 1, NULL, NULL, Timestamp('2024-11-22 18:44:00'), 'bxrpz.vgpar@example.com', 'vhsmp.kkcos@example.com'),
	(38, 'li.johnson@email.com', 'Chicken Shawarma', 1, NULL, NULL, Timestamp('2024-11-26 12:38:00'), 'epcxr.jzbth@example.com', 'zeglk.owcgl@example.com'),
	(29, 'li.chen@example.com', 'Crab Cakes', 1, NULL, NULL, Timestamp('2024-11-27 13:53:00'), 'jane.williams@testmail.com', 'ukuuv.escvs@example.com'),
	(13, 'anna.anderson@testmail.com', 'Fish and Chips', 0, NULL, NULL, Timestamp('2024-11-26 13:46:00'), 'anna.johnson@example.com', 'mark.johnson@email.com'),
	(10, 'john.brown@example.com', 'Fried Rice', 0, NULL, NULL, Timestamp('2024-11-24 11:29:00'), 'emily.smith@email.com', 'tom.doe@testmail.com'),
	(27, 'emily.smith@email.com', 'Chicken Satay', 1, NULL, 'Wheelchair Accessible', Timestamp('2024-11-26 16:10:00'), 'jbpvq.ogkno@example.com', 'mark.anderson@testmail.com'),
	(33, 'li.anderson@email.com', 'Ratatouille', 1, NULL, 'Wheelchair Accessible', Timestamp('2024-11-21 13:48:00'), 'tom.smith@example.com', 'jane.clark@testmail.com'),
	(1, 'cxwkf.rodhu@example.com', 'Vegan Burger', 0, NULL, NULL, Timestamp('2024-11-27 11:55:00'), 'emily.patel@example.com', 'chris.smith@example.com'),
	(4, 'natalie.smith@testmail.com', 'Beef Steak', 0, NULL, 'Near Stage Seating', Timestamp('2024-11-22 16:58:00'), 'uxpzg.mkpmc@example.com', 'grace.doe@email.com'),
	(15, 'zeglk.owcgl@example.com', 'Tofu Stir-fry', 1, NULL, NULL, Timestamp('2024-11-26 19:52:00'), 'qffqm.wcrdz@example.com', 'john.johnson@testmail.com'),
	(39, 'srriu.wzhbr@example.com', 'Chicken Curry', 0, NULL, 'Near Stage Seating', Timestamp('2024-11-23 16:06:00'), 'logkk.visap@example.com', 'jgddz.zpqzy@example.com'),
	(44, 'mark.brown@example.com', 'Pork Ribs', 1, NULL, 'Near Stage Seating', Timestamp('2024-11-27 11:59:00'), 'jane.johnson@email.com', 'dsdjj.unipa@example.com'),
	(11, 'clowo.zenhk@example.com', 'Vegetarian Pizza', 0, NULL, NULL, Timestamp('2024-11-25 16:48:00'), 'tom.brown@email.com', 'anna.lee@testmail.com'),
	(9, 'natalie.johnson@testmail.com', 'Falafel Wrap', 1, NULL, NULL, Timestamp('2024-11-20 10:01:00'), 'amit.lee@example.com', 'li.chen@example.com'),
	(40, 'sophia.doe@email.com', 'BBQ Pork', 1, NULL, NULL, Timestamp('2024-11-28 19:00:00'), 'vsuwx.tkmnt@example.com', 'ojgtd.ukopb@example.com'),
	(27, 'john.doe@testmail.com', 'Spinach Quiche', 1, NULL, 'Wheelchair Accessible', Timestamp('2024-11-29 18:04:00'), 'anna.lee@testmail.com', 'ovomw.awwtf@example.com'),
	(42, 'tzewd.mabrc@example.com', 'Halal Lamb', 0, NULL, 'Wheelchair Accessible', Timestamp('2024-11-24 14:47:00'), 'siquo.jqrgv@example.com', 'epcxr.jzbth@example.com'),
	(10, 'neerd.adsfr@example.com', 'Vegan Pasta', 0, NULL, NULL, Timestamp('2024-11-27 10:16:00'), 'grace.patel@email.com', 'li.williams@email.com'),
	(13, 'jaqwt.uyzak@example.com', 'Vegan Tacos', 1, NULL, 'Gluten-Free Meal', Timestamp('2024-11-23 16:54:00'), 'mark.lee@example.com', 'anna.brown@email.com'),
	(50, 'amit.brown@email.com', 'Fish Tacos', 1, NULL, NULL, Timestamp('2024-11-22 15:45:00'), 'amit.brown@email.com', 'grace.doe@example.com'),
	(29, 'natalie.taylor@testmail.com', 'Miso Ramen', 1, NULL, 'Gluten-Free Meal', Timestamp('2024-11-28 16:32:00'), 'neerd.adsfr@example.com', 'uwwwb.qdffl@example.com'),
	(38, 'john.lee@email.com', 'Vegetable Stir-fry', 0, NULL, 'Near Stage Seating', Timestamp('2024-11-25 17:05:00'), 'ovomw.awwtf@example.com', 'grace.chen@example.com'),
	(45, 'emily.johnson@email.com', 'Herb-Crusted Fish', 1, NULL, 'Near Stage Seating', Timestamp('2024-11-28 15:04:00'), 'li.anderson@email.com', 'tom.smith@example.com'),
	(1, 'nmqav.vooku@example.com', 'Vegetarian Sushi', 1, NULL, 'Near Stage Seating', Timestamp('2024-11-24 12:45:00'), 'fpfdp.ctjdx@example.com', 'li.patel@testmail.com'),
	(22, 'jane.williams@testmail.com', 'Grilled Shrimp', 0, NULL, 'Near Stage Seating', Timestamp('2024-11-24 11:36:00'), 'li.patel@testmail.com', 'ynglt.vmxyz@example.com'),
	(6, 'natalie.chen@email.com', 'Vegan Salad', 0, NULL, NULL, Timestamp('2024-11-23 13:28:00'), 'grace.anderson@email.com', 'sxjwt.jhqpm@example.com'),
	(16, 'lqmpz.akajk@example.com', 'Butter Chicken', 0, NULL, NULL, Timestamp('2024-11-24 20:52:00'), 'li.doe@testmail.com', 'anna.lee@example.com'),
	(22, 'cicaj.lzfgk@example.com', 'Pork Chops', 1, NULL, 'Gluten-Free Meal', Timestamp('2024-11-22 14:18:00'), 'tbidj.zapkz@example.com', 'emily.doe@example.com'),
	(40, 'zmmrk.iskdu@example.com', 'Spinach Ravioli', 1, NULL, 'Wheelchair Accessible', Timestamp('2024-11-29 18:46:00'), 'li.johnson@email.com', 'ggqpk.svyyp@example.com'),
	(11, 'john.johnson@email.com', 'Grilled Pork Belly', 0, NULL, NULL, Timestamp('2024-11-22 19:08:00'), 'tyssh.ofxew@example.com', 'mark.lee@email.com'),
	(37, 'mark.doe@testmail.com', 'Vegetarian Pho', 1, NULL, 'Gluten-Free Meal', Timestamp('2024-11-27 12:49:00'), 'sophia.chen@email.com', 'peafk.uiwde@example.com'),
	(49, 'chris.anderson@testmail.com', 'Lamb Kebabs', 0, NULL, NULL, Timestamp('2024-11-26 15:07:00'), 'emily.doe@email.com', 'zabcp.xhyeg@example.com'),
	(8, 'itzrk.ddadv@example.com', 'Halal Chicken', 0, NULL, NULL, Timestamp('2024-11-25 17:21:00'), 'emily.smith@example.com', 'qcpdl.hmqvc@example.com'),
	(42, 'mark.lee@testmail.com', 'Tofu Pad Thai', 1, NULL, NULL, Timestamp('2024-11-24 19:50:00'), 'anna.lee@example.com', 'anna.anderson@testmail.com'),
	(41, 'tdfyg.aunnb@example.com', 'Beef Tacos', 0, NULL, 'Gluten-Free Meal', Timestamp('2024-11-25 14:17:00'), 'pvjli.kyfpi@example.com', 'li.anderson@email.com'),
	(43, 'ojgtd.ukopb@example.com', 'Grilled Chicken', 0, NULL, 'Wheelchair Accessible', Timestamp('2024-11-24 19:39:00'), 'li.williams@email.com', 'grace.anderson@testmail.com'),
	(24, 'kqbmt.widbo@example.com', 'Beef Stroganoff', 0, NULL, NULL, Timestamp('2024-11-21 12:44:00'), 'chris.chen@email.com', 'emily.williams@testmail.com'),
	(6, 'vhsmp.kkcos@example.com', 'Chicken Tikka Masala', 0, NULL, NULL, Timestamp('2024-11-26 20:01:00'), 'anna.taylor@email.com', 'grace.anderson@email.com'),
	(27, 'john.patel@testmail.com', 'Grilled Salmon', 1, NULL, 'Wheelchair Accessible', Timestamp('2024-11-20 11:12:00'), 'tmjjk.gblas@example.com', 'jbpvq.ogkno@example.com'),
	(12, 'anna.lee@email.com', 'BBQ Ribs', 1, NULL, 'Near Stage Seating', Timestamp('2024-11-22 13:20:00'), 'emily.williams@testmail.com', 'ihhzu.ikiku@example.com'),
	(24, 'grace.chen@email.com', 'Pesto Pasta', 1, NULL, NULL, Timestamp('2024-11-20 11:15:00'), 'mark.clark@example.com', 'john.brown@example.com'),
	(21, 'sophia.doe@example.com', 'Shrimp Scampi', 0, NULL, NULL, Timestamp('2024-11-27 11:47:00'), 'tzewd.mabrc@example.com', 'itzrk.ddadv@example.com'),
	(29, 'grace.patel@example.com', 'Vegetarian Lasagna', 1, NULL, 'Near Stage Seating', Timestamp('2024-11-23 11:32:00'), 'kpccf.wjnrc@example.com', 'sophia.patel@email.com'),
	(33, 'jane.patel@testmail.com', 'Beef Wellington', 1, NULL, 'Wheelchair Accessible', Timestamp('2024-11-30 20:42:00'), 'tom.doe@example.com', 'chris.doe@email.com'),
	(23, 'tbidj.zapkz@example.com', 'Chicken Alfredo', 1, NULL, NULL, Timestamp('2024-11-24 14:54:00'), 'anna.brown@example.com', 'lqmpz.akajk@example.com'),
	(45, 'anna.taylor@example.com', 'Stuffed Bell Peppers', 0, NULL, 'Gluten-Free Meal', Timestamp('2024-11-21 13:47:00'), 'mark.johnson@email.com', 'rzlxp.iwnao@example.com'),
	(2, 'emily.doe@email.com', 'Vegetable Curry', 1, NULL, 'Gluten-Free Meal', Timestamp('2024-11-21 19:01:00'), 'sophia.clark@example.com', 'li.johnson@example.com'),
	(27, 'grace.anderson@email.com', 'Seafood Paella', 1, NULL, 'Near Stage Seating', Timestamp('2024-11-21 15:53:00'), 'john.doe@testmail.com', 'kezfr.pwqqq@example.com'),
	(44, 'emily.johnson@testmail.com', 'Lamb Chops', 0, NULL, 'Wheelchair Accessible', Timestamp('2024-11-30 15:11:00'), 'lqmpz.akajk@example.com', 'qffqm.wcrdz@example.com'),
	(30, 'cmeri.ryhdr@example.com', 'Teriyaki Chicken', 0, NULL, 'Near Stage Seating', Timestamp('2024-11-21 12:03:00'), 'anna.patel@example.com', 'tom.clark@testmail.com'),
	(47, 'li.doe@testmail.com', 'Mushroom Risotto', 1, NULL, 'Near Stage Seating', Timestamp('2024-11-30 17:42:00'), 'john.johnson@testmail.com', 'anna.patel@email.com'),
	(4, 'ggqpk.svyyp@example.com', 'Chicken Shawarma', 0, NULL, 'Wheelchair Accessible', Timestamp('2024-11-23 14:11:00'), 'natalie.smith@email.com', 'jane.brown@example.com'),
	(40, 'mark.johnson@email.com', 'Crab Cakes', 0, NULL, 'Wheelchair Accessible', Timestamp('2024-11-25 10:44:00'), 'ynglt.vmxyz@example.com', 'rqsis.fiopn@example.com'),
	(24, 'tom.doe@testmail.com', 'Fish and Chips', 1, NULL, NULL, Timestamp('2024-11-25 17:41:00'), 'mark.smith@testmail.com', 'fpfdp.ctjdx@example.com'),
	(20, 'li.clark@example.com', 'Fried Rice', 0, NULL, NULL, Timestamp('2024-11-21 17:56:00'), 'towpt.qarth@example.com', 'anna.brown@example.com'),
	(50, 'chris.doe@email.com', 'Chicken Satay', 1, NULL, 'Gluten-Free Meal', Timestamp('2024-11-28 14:24:00'), 'grace.doe@email.com', 'jane.clark@email.com'),
	(47, 'grace.johnson@testmail.com', 'Ratatouille', 0, NULL, 'Near Stage Seating', Timestamp('2024-11-21 14:20:00'), 'zgxdl.spsbh@example.com', 'anna.johnson@example.com'),
	(42, 'mark.brown@email.com', 'Vegan Burger', 0, NULL, NULL, Timestamp('2024-11-22 10:39:00'), 'chris.anderson@testmail.com', 'grace.johnson@email.com'),
	(11, 'jbpvq.ogkno@example.com', 'Beef Steak', 1, NULL, 'Gluten-Free Meal', Timestamp('2024-11-23 20:50:00'), 'emily.johnson@email.com', 'emily.smith@email.com'),
	(33, 'ukuuv.escvs@example.com', 'Tofu Stir-fry', 0, NULL, 'Wheelchair Accessible', Timestamp('2024-11-24 13:19:00'), 'fljol.kzpvx@example.com', 'zmmrk.iskdu@example.com'),
	(9, 'pvjli.kyfpi@example.com', 'Chicken Curry', 0, NULL, 'Gluten-Free Meal', Timestamp('2024-11-28 10:05:00'), 'sophia.doe@email.com', 'eojhu.wilfa@example.com'),
	(26, 'sxjwt.jhqpm@example.com', 'Pork Ribs', 0, NULL, 'Wheelchair Accessible', Timestamp('2024-11-23 18:12:00'), 'mark.lee@testmail.com', 'ltwzo.gmeuu@example.com'),
	(36, 'mark.williams@testmail.com', 'Vegetarian Pizza', 1, NULL, 'Gluten-Free Meal', Timestamp('2024-11-25 11:55:00'), 'jane.brown@example.com', 'anna.clark@email.com'),
	(6, 'grace.anderson@testmail.com', 'Falafel Wrap', 0, NULL, 'Wheelchair Accessible', Timestamp('2024-11-30 14:25:00'), 'emily.patel@email.com', 'natalie.chen@email.com'),
	(9, 'john.williams@testmail.com', 'BBQ Pork', 0, NULL, 'Wheelchair Accessible', Timestamp('2024-11-20 12:02:00'), 'cpzyf.lhlxx@example.com', 'kqbmt.widbo@example.com'),
	(18, 'john.smith@email.com', 'Spinach Quiche', 1, NULL, 'Gluten-Free Meal', Timestamp('2024-11-30 14:24:00'), 'grace.smith@email.com', 'cpzyf.lhlxx@example.com'),
	(2, 'john.williams@example.com', 'Halal Lamb', 1, NULL, 'Wheelchair Accessible', Timestamp('2024-11-30 15:36:00'), 'tom.clark@testmail.com', 'tyssh.ofxew@example.com'),
	(45, 'ucjtc.nduhc@example.com', 'Vegan Pasta', 1, NULL, 'Wheelchair Accessible', Timestamp('2024-11-26 15:07:00'), 'grace.anderson@testmail.com', 'natalie.clark@email.com'),
	(25, 'emjti.jcehx@example.com', 'Vegan Tacos', 0, NULL, 'Wheelchair Accessible', Timestamp('2024-11-29 18:01:00'), 'grace.johnson@testmail.com', 'amit.chen@email.com'),
	(43, 'jane.lee@example.com', 'Fish Tacos', 1, NULL, 'Gluten-Free Meal', Timestamp('2024-11-30 18:50:00'), 'zabcp.xhyeg@example.com', 'jane.lee@testmail.com'),
	(23, 'li.lee@example.com', 'Miso Ramen', 1, NULL, NULL, Timestamp('2024-11-28 20:28:00'), 'dczaw.xahwj@example.com', 'sjpme.wgoix@example.com'),
	(32, 'gqizu.nspqt@example.com', 'Vegetable Stir-fry', 0, NULL, NULL, Timestamp('2024-11-24 10:54:00'), 'tom.johnson@email.com', 'fljol.kzpvx@example.com'),
	(26, 'ynglt.vmxyz@example.com', 'Herb-Crusted Fish', 0, NULL, 'Wheelchair Accessible', Timestamp('2024-11-26 19:46:00'), 'qcpdl.hmqvc@example.com', 'cptdz.vdmoy@example.com'),
	(30, 'qhbtg.xokni@example.com', 'Vegetarian Sushi', 0, NULL, 'Gluten-Free Meal', Timestamp('2024-11-28 19:18:00'), 'amit.chen@example.com', 'grace.williams@example.com'),
	(34, 'tom.patel@email.com', 'Grilled Shrimp', 0, NULL, 'Wheelchair Accessible', Timestamp('2024-11-28 12:33:00'), 'jane.lee@testmail.com', 'cicaj.lzfgk@example.com'),
	(21, 'jane.lee@testmail.com', 'Vegan Salad', 0, NULL, 'Wheelchair Accessible', Timestamp('2024-11-29 17:52:00'), 'pqeii.zbxsq@example.com', 'kpccf.wjnrc@example.com'),
	(35, 'emily.brown@example.com', 'Butter Chicken', 0, NULL, 'Wheelchair Accessible', Timestamp('2024-11-28 12:15:00'), 'ojxdb.vurqe@example.com', 'anna.williams@example.com'),
	(3, 'qffqm.wcrdz@example.com', 'Pork Chops', 1, NULL, NULL, Timestamp('2024-11-21 12:46:00'), 'mark.lee@email.com', 'tbidj.zapkz@example.com'),
	(35, 'tom.anderson@email.com', 'Spinach Ravioli', 1, NULL, 'Near Stage Seating', Timestamp('2024-11-24 12:29:00'), 'anna.patel@email.com', 'john.johnson@email.com'),
	(44, 'emily.williams@testmail.com', 'Grilled Pork Belly', 1, NULL, 'Gluten-Free Meal', Timestamp('2024-11-24 14:14:00'), 'mark.anderson@testmail.com', 'jhbay.czffa@example.com'),
	(46, 'tom.brown@email.com', 'Vegetarian Pho', 1, NULL, NULL, Timestamp('2024-11-27 15:29:00'), 'emjti.jcehx@example.com', 'anna.taylor@example.com'),
	(14, 'xylgl.sqraq@example.com', 'Lamb Kebabs', 1, NULL, NULL, Timestamp('2024-11-29 14:57:00'), 'uwwwb.qdffl@example.com', 'grace.johnson@testmail.com'),
	(15, 'tom.patel@testmail.com', 'Halal Chicken', 0, NULL, NULL, Timestamp('2024-11-21 19:10:00'), 'amit.clark@example.com', 'fpmar.phczw@example.com'),
	(39, 'sjpme.wgoix@example.com', 'Tofu Pad Thai', 0, NULL, NULL, Timestamp('2024-11-24 11:31:00'), 'ggqpk.svyyp@example.com', 'dxxtr.umope@example.com'),
	(34, 'john.patel@email.com', 'Beef Tacos', 1, NULL, 'Wheelchair Accessible', Timestamp('2024-11-22 11:27:00'), 'sjpme.wgoix@example.com', 'jane.chen@email.com'),
	(25, 'john.chen@email.com', 'Grilled Chicken', 1, NULL, 'Gluten-Free Meal', Timestamp('2024-11-23 17:01:00'), 'john.chen@email.com', 'tom.doe@example.com'),
	(7, 'fljol.kzpvx@example.com', 'Beef Stroganoff', 1, NULL, 'Wheelchair Accessible', Timestamp('2024-11-29 18:47:00'), 'nmqav.vooku@example.com', 'amit.lee@example.com'),
	(20, 'mark.lee@email.com', 'Chicken Tikka Masala', 0, NULL, 'Near Stage Seating', Timestamp('2024-11-22 16:11:00'), 'anna.clark@email.com', 'xylgl.sqraq@example.com'),
	(45, 'li.taylor@example.com', 'Grilled Salmon', 1, NULL, 'Gluten-Free Meal', Timestamp('2024-11-26 12:58:00'), 'rqsis.fiopn@example.com', 'pvjli.kyfpi@example.com'),
	(16, 'grace.smith@email.com', 'BBQ Ribs', 1, NULL, 'Gluten-Free Meal', Timestamp('2024-11-30 10:22:00'), 'li.johnson@example.com', 'li.doe@testmail.com'),
	(19, 'natalie.smith@email.com', 'Pesto Pasta', 1, NULL, 'Near Stage Seating', Timestamp('2024-11-22 13:48:00'), 'cxwkf.rodhu@example.com', 'john.williams@testmail.com'),
	(49, 'mark.smith@testmail.com', 'Shrimp Scampi', 0, NULL, 'Gluten-Free Meal', Timestamp('2024-11-25 12:39:00'), 'natalie.taylor@testmail.com', 'risxg.wfyfd@example.com'),
	(26, 'grace.chen@testmail.com', 'Vegetarian Lasagna', 1, NULL, 'Wheelchair Accessible', Timestamp('2024-11-26 18:19:00'), 'mark.doe@testmail.com', 'li.williams@testmail.com'),
	(1, 'jgddz.zpqzy@example.com', 'Beef Wellington', 1, NULL, NULL, Timestamp('2024-11-23 16:35:00'), 'maxmy.iwjar@example.com', 'jjkua.jedeq@example.com'),
	(40, 'grace.johnson@email.com', 'Chicken Alfredo', 0, NULL, 'Wheelchair Accessible', Timestamp('2024-11-26 19:53:00'), 'emily.brown@example.com', 'towpt.qarth@example.com'),
	(10, 'amit.smith@example.com', 'Stuffed Bell Peppers', 1, NULL, 'Near Stage Seating', Timestamp('2024-11-20 13:44:00'), 'dsdjj.unipa@example.com', 'siquo.jqrgv@example.com'),
	(47, 'chris.chen@email.com', 'Vegetable Curry', 1, NULL, 'Near Stage Seating', Timestamp('2024-11-28 11:16:00'), 'fpmar.phczw@example.com', 'sophia.chen@email.com'),
	(46, 'anna.taylor@email.com', 'Seafood Paella', 1, NULL, NULL, Timestamp('2024-11-29 19:32:00'), 'tom.patel@email.com', 'sophia.anderson@testmail.com'),
	(9, 'grace.smith@example.com', 'Lamb Chops', 1, NULL, NULL, Timestamp('2024-11-27 12:02:00'), 'grace.chen@email.com', 'anna.williams@testmail.com'),
	(15, 'emily.doe@example.com', 'Teriyaki Chicken', 0, NULL, NULL, Timestamp('2024-11-20 18:13:00'), 'vhsmp.kkcos@example.com', 'grace.chen@email.com'),
	(42, 'grace.patel@email.com', 'Mushroom Risotto', 0, NULL, 'Wheelchair Accessible', Timestamp('2024-11-22 14:58:00'), 'sxjwt.jhqpm@example.com', 'natalie.doe@email.com'),
	(48, 'towpt.qarth@example.com', 'Chicken Shawarma', 1, NULL, 'Gluten-Free Meal', Timestamp('2024-11-25 14:44:00'), 'grace.williams@example.com', 'emily.patel@email.com'),
	(2, 'anna.clark@email.com', 'Crab Cakes', 0, NULL, 'Wheelchair Accessible', Timestamp('2024-11-20 13:29:00'), 'emily.smith@testmail.com', 'grace.smith@email.com'),
	(21, 'bxrpz.vgpar@example.com', 'Fish and Chips', 1, NULL, NULL, Timestamp('2024-11-26 12:20:00'), 'john.williams@email.com', 'tom.johnson@email.com'),
	(34, 'wploz.yilpb@example.com', 'Fried Rice', 0, NULL, NULL, Timestamp('2024-11-22 14:59:00'), 'anna.brown@email.com', 'tom.patel@email.com'),
	(23, 'ihhzu.ikiku@example.com', 'Chicken Satay', 1, NULL, 'Gluten-Free Meal', Timestamp('2024-11-20 11:33:00'), 'srriu.wzhbr@example.com', 'li.lee@example.com'),
	(50, 'amit.doe@testmail.com', 'Ratatouille', 1, NULL, NULL, Timestamp('2024-11-24 11:43:00'), 'tom.doe@email.com', 'emily.johnson@testmail.com'),
	(12, 'zgxdl.spsbh@example.com', 'Vegan Burger', 1, NULL, NULL, Timestamp('2024-11-22 15:30:00'), 'natalie.johnson@testmail.com', 'tom.doe@email.com'),
	(28, 'logkk.visap@example.com', 'Beef Steak', 0, NULL, NULL, Timestamp('2024-11-20 15:59:00'), 'utezo.qqgfu@example.com', 'mark.smith@testmail.com'),
	(28, 'pqeii.zbxsq@example.com', 'Tofu Stir-fry', 0, NULL, 'Gluten-Free Meal', Timestamp('2024-11-26 17:46:00'), 'john.patel@testmail.com', 'cmeri.ryhdr@example.com'),
	(37, 'ovomw.awwtf@example.com', 'Chicken Curry', 1, NULL, NULL, Timestamp('2024-11-28 14:50:00'), 'sophia.anderson@testmail.com', 'qhbtg.xokni@example.com'),
	(12, 'kezfr.pwqqq@example.com', 'Pork Ribs', 1, NULL, 'Near Stage Seating', Timestamp('2024-11-30 16:03:00'), 'mark.brown@email.com', 'clowo.zenhk@example.com'),
	(32, 'peafk.uiwde@example.com', 'Vegetarian Pizza', 0, NULL, NULL, Timestamp('2024-11-27 18:12:00'), 'amit.smith@example.com', 'mark.taylor@example.com'),
	(22, 'li.lee@testmail.com', 'Falafel Wrap', 0, NULL, 'Near Stage Seating', Timestamp('2024-11-20 16:40:00'), 'bjydj.cjmmx@example.com', 'john.lee@email.com'),
	(48, 'anna.williams@example.com', 'BBQ Pork', 1, NULL, 'Near Stage Seating', Timestamp('2024-11-25 14:40:00'), 'cmeri.ryhdr@example.com', 'grace.chen@testmail.com'),
	(12, 'dczaw.xahwj@example.com', 'Spinach Quiche', 1, NULL, NULL, Timestamp('2024-11-26 17:07:00'), 'kezfr.pwqqq@example.com', 'natalie.smith@testmail.com'),
	(17, 'rqsis.fiopn@example.com', 'Halal Lamb', 1, NULL, 'Gluten-Free Meal', Timestamp('2024-11-24 16:28:00'), 'anna.williams@example.com', 'anna.patel@example.com'),
	(14, 'anna.johnson@example.com', 'Vegan Pasta', 0, NULL, 'Wheelchair Accessible', Timestamp('2024-11-26 10:39:00'), 'mark.taylor@example.com', 'mark.doe@testmail.com'),
	(17, 'chris.smith@example.com', 'Vegan Tacos', 0, NULL, 'Gluten-Free Meal', Timestamp('2024-11-22 15:28:00'), 'anna.williams@testmail.com', 'john.doe@testmail.com'),
	(26, 'mark.brown@testmail.com', 'Fish Tacos', 0, NULL, 'Wheelchair Accessible', Timestamp('2024-11-28 17:20:00'), 'dxxtr.umope@example.com', 'jane.chen@testmail.com'),
	(8, 'emily.anderson@email.com', 'Miso Ramen', 0, NULL, 'Near Stage Seating', Timestamp('2024-11-23 13:07:00'), 'jane.clark@email.com', 'mark.brown@testmail.com'),
	(6, 'jane.chen@testmail.com', 'Vegetable Stir-fry', 0, NULL, NULL, Timestamp('2024-11-23 12:40:00'), 'li.chen@example.com', 'natalie.johnson@testmail.com'),
	(20, 'jane.chen@email.com', 'Herb-Crusted Fish', 1, NULL, 'Near Stage Seating', Timestamp('2024-11-23 16:51:00'), 'cicaj.lzfgk@example.com', 'tzewd.mabrc@example.com'),
	(16, 'siquo.jqrgv@example.com', 'Vegetarian Sushi', 1, NULL, 'Gluten-Free Meal', Timestamp('2024-11-24 12:16:00'), 'ihhzu.ikiku@example.com', 'jane.patel@testmail.com'),
	(41, 'li.williams@email.com', 'Grilled Shrimp', 1, NULL, 'Wheelchair Accessible', Timestamp('2024-11-27 19:50:00'), 'jjkua.jedeq@example.com', 'emily.brown@example.com'),
	(8, 'grace.williams@example.com', 'Vegan Salad', 1, NULL, NULL, Timestamp('2024-11-23 15:47:00'), 'tom.patel@testmail.com', 'li.lee@testmail.com'),
	(5, 'emily.patel@example.com', 'Butter Chicken', 0, NULL, 'Near Stage Seating', Timestamp('2024-11-25 14:42:00'), 'qhbtg.xokni@example.com', 'amit.brown@email.com'),
	(43, 'amit.clark@example.com', 'Pork Chops', 0, NULL, 'Gluten-Free Meal', Timestamp('2024-11-27 11:00:00'), 'zmmrk.iskdu@example.com', 'emily.patel@example.com'),
	(46, 'sophia.brown@testmail.com', 'Spinach Ravioli', 1, NULL, 'Near Stage Seating', Timestamp('2024-11-21 20:34:00'), 'sophia.patel@email.com', 'pqeii.zbxsq@example.com'),
	(5, 'natalie.doe@email.com', 'Grilled Pork Belly', 0, NULL, NULL, Timestamp('2024-11-22 14:50:00'), 'mark.brown@testmail.com', 'emily.anderson@email.com'),
	(24, 'bjydj.cjmmx@example.com', 'Vegetarian Pho', 1, NULL, 'Near Stage Seating', Timestamp('2024-11-29 20:36:00'), 'anna.anderson@testmail.com', 'emily.doe@email.com'),
	(37, 'dsdjj.unipa@example.com', 'Lamb Kebabs', 1, NULL, 'Gluten-Free Meal', Timestamp('2024-11-29 14:24:00'), 'li.lee@example.com', 'zgxdl.spsbh@example.com'),
	(4, 'jane.clark@email.com', 'Halal Chicken', 0, NULL, 'Gluten-Free Meal', Timestamp('2024-11-27 12:33:00'), 'anna.taylor@example.com', 'john.patel@email.com'),
	(18, 'grace.doe@email.com', 'Tofu Pad Thai', 0, NULL, 'Wheelchair Accessible', Timestamp('2024-11-21 10:04:00'), 'tom.doe@testmail.com', 'li.taylor@example.com'),
	(35, 'tmjjk.gblas@example.com', 'Beef Tacos', 0, NULL, NULL, Timestamp('2024-11-30 12:09:00'), 'peafk.uiwde@example.com', 'li.johnson@email.com'),
	(49, 'sophia.patel@email.com', 'Grilled Chicken', 0, NULL, 'Gluten-Free Meal', Timestamp('2024-11-25 15:12:00'), 'mark.williams@testmail.com', 'jane.johnson@email.com'),
	(46, 'li.patel@testmail.com', 'Beef Stroganoff', 0, NULL, 'Near Stage Seating', Timestamp('2024-11-24 20:09:00'), 'anna.lee@email.com', 'emily.smith@example.com'),
	(41, 'mark.clark@example.com', 'Chicken Tikka Masala', 1, NULL, 'Gluten-Free Meal', Timestamp('2024-11-28 10:03:00'), 'chris.smith@example.com', 'natalie.taylor@testmail.com'),
	(25, 'tom.taylor@example.com', 'Grilled Salmon', 0, NULL, 'Wheelchair Accessible', Timestamp('2024-11-29 13:37:00'), 'rzlxp.iwnao@example.com', 'srriu.wzhbr@example.com'),
	(28, 'tom.smith@example.com', 'BBQ Ribs', 1, NULL, 'Near Stage Seating', Timestamp('2024-11-28 11:31:00'), 'jane.lee@example.com', 'jane.williams@testmail.com'),
	(36, 'jane.clark@testmail.com', 'Pesto Pasta', 0, NULL, 'Wheelchair Accessible', Timestamp('2024-11-20 14:36:00'), 'tom.chen@email.com', 'tom.brown@email.com'),
	(33, 'anna.lee@example.com', 'Shrimp Scampi', 0, NULL, 'Near Stage Seating', Timestamp('2024-11-30 15:15:00'), 'itzrk.ddadv@example.com', 'mark.lee@example.com'),
	(47, 'maxmy.iwjar@example.com', 'Vegetarian Lasagna', 1, NULL, 'Gluten-Free Meal', Timestamp('2024-11-27 12:13:00'), 'wploz.yilpb@example.com', 'mark.williams@testmail.com'),
	(49, 'tom.clark@testmail.com', 'Beef Wellington', 0, NULL, 'Wheelchair Accessible', Timestamp('2024-11-26 12:44:00'), 'john.johnson@email.com', 'sophia.brown@testmail.com'),
	(44, 'epcxr.jzbth@example.com', 'Chicken Alfredo', 0, NULL, 'Near Stage Seating', Timestamp('2024-11-27 14:24:00'), 'grace.chen@example.com', 'mark.williams@example.com'),
	(19, 'amit.smith@email.com', 'Stuffed Bell Peppers', 0, NULL, 'Wheelchair Accessible', Timestamp('2024-11-20 19:21:00'), 'li.taylor@example.com', 'chris.chen@email.com'),
	(18, 'anna.brown@email.com', 'Vegetable Curry', 1, NULL, 'Near Stage Seating', Timestamp('2024-11-22 11:10:00'), 'zeglk.owcgl@example.com', 'amit.smith@example.com'),
	(37, 'uwwwb.qdffl@example.com', 'Seafood Paella', 1, NULL, 'Near Stage Seating', Timestamp('2024-11-23 19:51:00'), 'grace.chen@testmail.com', 'amit.chen@example.com'),
	(32, 'sophia.chen@email.com', 'Lamb Chops', 0, NULL, 'Gluten-Free Meal', Timestamp('2024-11-23 14:41:00'), 'ucjtc.nduhc@example.com', 'tom.anderson@email.com'),
	(48, 'sophia.anderson@testmail.com', 'Teriyaki Chicken', 0, NULL, 'Gluten-Free Meal', Timestamp('2024-11-27 18:08:00'), 'john.lee@email.com', 'chris.anderson@testmail.com'),
	(17, 'anna.patel@example.com', 'Mushroom Risotto', 0, NULL, 'Wheelchair Accessible', Timestamp('2024-11-28 17:07:00'), 'grace.johnson@email.com', 'tdfyg.aunnb@example.com'),
	(13, 'fpmar.phczw@example.com', 'Chicken Shawarma', 1, NULL, 'Wheelchair Accessible', Timestamp('2024-11-25 10:33:00'), 'risxg.wfyfd@example.com', 'bjydj.cjmmx@example.com'),
	(35, 'kpccf.wjnrc@example.com', 'Crab Cakes', 1, NULL, 'Gluten-Free Meal', Timestamp('2024-11-21 13:06:00'), 'okzjg.udcvr@example.com', 'emily.smith@testmail.com'),
	(3, 'tom.johnson@email.com', 'Fish and Chips', 1, NULL, 'Gluten-Free Meal', Timestamp('2024-11-30 10:33:00'), 'emily.doe@example.com', 'mark.brown@email.com'),
	(29, 'tom.doe@email.com', 'Fried Rice', 0, NULL, 'Gluten-Free Meal', Timestamp('2024-11-21 15:34:00'), 'clowo.zenhk@example.com', 'tom.chen@email.com'),
	(5, 'tom.chen@email.com', 'Chicken Satay', 0, NULL, 'Near Stage Seating', Timestamp('2024-11-22 18:00:00'), 'xfwmj.nueyf@example.com', 'mark.brown@example.com'),
	(14, 'mark.taylor@example.com', 'Ratatouille', 0, NULL, NULL, Timestamp('2024-11-23 17:51:00'), 'john.williams@example.com', 'mark.clark@example.com'),
	(3, 'emily.smith@testmail.com', 'Vegan Burger', 0, NULL, NULL, Timestamp('2024-11-26 17:58:00'), 'natalie.smith@testmail.com', 'amit.doe@testmail.com'),
	(31, 'ltwzo.gmeuu@example.com', 'Beef Steak', 0, NULL, 'Wheelchair Accessible', Timestamp('2024-11-25 19:20:00'), 'emily.johnson@testmail.com', 'okzjg.udcvr@example.com'),
	(14, 'mark.lee@example.com', 'Tofu Stir-fry', 0, NULL, NULL, Timestamp('2024-11-20 20:31:00'), 'jaqwt.uyzak@example.com', 'mark.lee@testmail.com'),
	(10, 'irmpz.wfmni@example.com', 'Chicken Curry', 0, NULL, 'Wheelchair Accessible', Timestamp('2024-11-28 20:39:00'), 'jgddz.zpqzy@example.com', 'gqizu.nspqt@example.com'),
	(36, 'okzjg.udcvr@example.com', 'Pork Ribs', 0, NULL, 'Near Stage Seating', Timestamp('2024-11-22 13:05:00'), 'jane.chen@testmail.com', 'uxpzg.mkpmc@example.com'),
	(17, 'ojxdb.vurqe@example.com', 'Vegetarian Pizza', 1, NULL, 'Near Stage Seating', Timestamp('2024-11-25 18:26:00'), 'ltwzo.gmeuu@example.com', 'dczaw.xahwj@example.com'),
	(32, 'john.williams@email.com', 'Falafel Wrap', 0, NULL, 'Gluten-Free Meal', Timestamp('2024-11-22 12:45:00'), 'li.lee@testmail.com', 'bxrpz.vgpar@example.com'),
	(3, 'jjkua.jedeq@example.com', 'BBQ Pork', 0, NULL, NULL, Timestamp('2024-11-20 17:38:00'), 'natalie.clark@email.com', 'jane.lee@example.com'),
	(5, 'mark.anderson@testmail.com', 'Spinach Quiche', 0, NULL, 'Near Stage Seating', Timestamp('2024-11-29 10:22:00'), 'ojgtd.ukopb@example.com', 'grace.patel@email.com'),
	(13, 'li.johnson@example.com', 'Halal Lamb', 1, NULL, NULL, Timestamp('2024-11-21 10:52:00'), 'mark.brown@example.com', 'utezo.qqgfu@example.com'),
	(20, 'mark.williams@example.com', 'Vegan Pasta', 0, NULL, 'Near Stage Seating', Timestamp('2024-11-21 20:23:00'), 'irmpz.wfmni@example.com', 'john.williams@email.com'),
	(11, 'xfwmj.nueyf@example.com', 'Vegan Tacos', 1, NULL, 'Gluten-Free Meal', Timestamp('2024-11-24 17:11:00'), 'cptdz.vdmoy@example.com', 'grace.patel@example.com'),
	(30, 'qcpdl.hmqvc@example.com', 'Fish Tacos', 1, NULL, 'Wheelchair Accessible', Timestamp('2024-11-26 16:26:00'), 'emily.anderson@email.com', 'cxwkf.rodhu@example.com'),
	(19, 'amit.lee@example.com', 'Miso Ramen', 0, NULL, 'Wheelchair Accessible', Timestamp('2024-11-23 20:33:00'), 'gqizu.nspqt@example.com', 'jaqwt.uyzak@example.com'),
	(22, 'anna.brown@example.com', 'Vegetable Stir-fry', 1, NULL, 'Near Stage Seating', Timestamp('2024-11-24 16:57:00'), 'sophia.brown@testmail.com', 'emily.johnson@email.com'),
	(38, 'cptdz.vdmoy@example.com', 'Herb-Crusted Fish', 1, NULL, 'Gluten-Free Meal', Timestamp('2024-11-23 18:58:00'), 'li.clark@example.com', 'john.patel@testmail.com'),
	(38, 'zabcp.xhyeg@example.com', 'Vegetarian Sushi', 1, NULL, 'Gluten-Free Meal', Timestamp('2024-11-27 16:43:00'), 'john.brown@example.com', 'irmpz.wfmni@example.com'),
	(4, 'dxxtr.umope@example.com', 'Grilled Shrimp', 0, NULL, 'Near Stage Seating', Timestamp('2024-11-21 19:42:00'), 'mark.williams@example.com', 'john.smith@email.com'),
	(39, 'anna.williams@testmail.com', 'Vegan Salad', 1, NULL, 'Near Stage Seating', Timestamp('2024-11-24 17:04:00'), 'amit.smith@email.com', 'wploz.yilpb@example.com'),
	(43, 'natalie.clark@email.com', 'Butter Chicken', 0, NULL, 'Wheelchair Accessible', Timestamp('2024-11-26 19:25:00'), 'xylgl.sqraq@example.com', 'amit.smith@email.com'),
	(31, 'fpfdp.ctjdx@example.com', 'Pork Chops', 1, NULL, NULL, Timestamp('2024-11-22 14:27:00'), 'eojhu.wilfa@example.com', 'tom.taylor@example.com'),
	(39, 'li.williams@testmail.com', 'Spinach Ravioli', 1, NULL, 'Near Stage Seating', Timestamp('2024-11-29 18:22:00'), 'jhbay.czffa@example.com', 'logkk.visap@example.com'),
	(2, 'anna.lee@testmail.com', 'Grilled Pork Belly', 0, NULL, NULL, Timestamp('2024-11-23 19:03:00'), 'grace.doe@example.com', 'ojxdb.vurqe@example.com'),
	(31, 'grace.chen@example.com', 'Vegetarian Pho', 1, NULL, 'Near Stage Seating', Timestamp('2024-11-28 13:17:00'), 'kqbmt.widbo@example.com', 'sophia.doe@example.com'),
	(7, 'amit.chen@example.com', 'Lamb Kebabs', 1, NULL, 'Gluten-Free Meal', Timestamp('2024-11-27 12:06:00'), 'tom.anderson@email.com', 'xfwmj.nueyf@example.com'),
	(16, 'eojhu.wilfa@example.com', 'Halal Chicken', 0, NULL, 'Wheelchair Accessible', Timestamp('2024-11-30 18:30:00'), 'sophia.doe@example.com', 'john.chen@email.com'),
	(7, 'vsuwx.tkmnt@example.com', 'Tofu Pad Thai', 1, NULL, 'Near Stage Seating', Timestamp('2024-11-28 10:48:00'), 'amit.chen@email.com', 'anna.taylor@email.com'),
	(21, 'emily.patel@email.com', 'Beef Tacos', 0, NULL, 'Near Stage Seating', Timestamp('2024-11-27 11:00:00'), 'jane.patel@testmail.com', 'emjti.jcehx@example.com');


